date,noncomm_long,noncomm_short,noncomm_net,comm_long,comm_short,comm_net,open_interest,traders_noncomm_long,traders_noncomm_short,traders_total
2022-02-08,38825,65148,-26323,99625,76900,22725,208578,17,14,56
2022-02-15,37767,64092,-26325,102255,79976,22279,214404,17,14,58
2022-02-22,37283,63638,-26355,101361,76883,24478,215908,14,17,56
2022-03-01,45940,52647,-6707,81376,77372,4004,198920,17,13,54
2022-03-08,50323,62035,-11712,74477,63663,10814,196832,15,14,50
2022-03-15,42390,61351,-18961,79663,62320,17343,192679,17,14,52
2022-03-22,35426,60092,-24666,84330,61691,22639,191138,18,15,55
2022-03-29,38169,63389,-25220,83276,61667,21609,188542,19,13,53
2022-04-05,39246,68958,-29712,84346,57809,26537,189394,18,15,54
2022-04-12,37118,73436,-36318,90074,56141,33933,190488,17,15,53
2022-04-19,33203,73305,-40102,95274,57611,37663,191883,18,14,53
2022-04-26,34005,72536,-38531,93468,57869,35599,189072,22,12,57
2022-05-03,34685,62003,-27318,78491,52477,26014,168128,20,13,54
2022-05-10,33423,64638,-31215,83639,53077,30562,173911,17,13,52
2022-05-17,27757,62624,-34867,89898,57771,32127,176861,16,16,59
2022-05-24,27144,66433,-39289,96551,59063,37488,183629,16,16,59
2022-05-31,26712,67584,-40872,98147,59206,38941,181699,15,15,57
2022-06-07,26009,62107,-36098,87488,53280,34208,169802,14,16,55
2022-06-14,23246,59635,-36389,88924,54323,34601,171026,14,17,54
2022-06-21,26225,64235,-38010,89195,53143,36052,173098,15,16,55
2022-06-28,25712,68389,-42677,93538,52104,41434,173920,14,18,55
2022-07-05,25605,64119,-38514,87320,50011,37309,166711,17,15,54
2022-07-12,26868,65256,-38388,89831,53212,36619,171950,18,13,53
2022-07-19,27724,69026,-41302,93411,52568,40843,177889,17,13,53
2022-07-26,26547,68029,-41482,94590,54033,40557,177837,18,13,55
2022-08-02,28074,60856,-32782,86415,54580,31835,171751,17,13,53
2022-08-09,31578,65789,-34211,87846,55435,32411,175896,16,13,53
2022-08-16,33017,69029,-36012,89828,55538,34290,176902,16,13,52
2022-08-23,30323,66747,-36424,92421,58190,34231,179066,16,12,52
2022-08-30,32556,72569,-40013,93680,57095,36585,180952,18,12,54
2022-09-06,28735,65123,-36388,86126,53618,32508,163666,16,12,51
2022-09-13,27455,66478,-39023,88321,53402,34919,164415,15,13,52
2022-09-20,25663,63566,-37903,88006,51274,36732,164025,17,13,54
2022-09-27,25696,66953,-41257,89127,48637,40490,167444,16,14,55
2022-10-04,31500,71320,-39820,83556,45450,38106,162762,15,16,55
2022-10-11,28606,70494,-41888,83836,44954,38882,163113,15,15,53
2022-10-18,31044,72891,-41847,82550,43869,38681,163296,15,15,54
2022-10-25,30740,71041,-40301,83690,46778,36912,166931,14,15,54
2022-11-01,37542,59450,-21908,56906,39483,17423,134010,13,10,41
2022-11-08,31215,53416,-22201,59785,41700,18085,135078,13,10,41
2022-11-15,32956,58150,-25194,61893,41111,20782,139080,15,10,41
2022-11-22,37536,65058,-27522,64890,40810,24080,150131,16,10,44
2022-11-29,35988,68075,-32087,69851,40427,29424,155500,16,11,45
2022-12-06,35915,64033,-28118,64987,41241,23746,144147,16,9,42
2022-12-13,34840,63407,-28567,67823,42472,25351,148097,15,11,42
2022-12-20,34745,67156,-32411,70237,40680,29557,147150,16,10,46
2022-12-27,38040,69049,-31009,67858,40336,27522,143815,13,14,48
2023-01-03,39592,66106,-26514,64519,41438,23081,139687,15,9,42
2023-01-10,36422,62631,-26209,67246,44783,22463,140391,15,8,43
2023-01-17,40651,66631,-25980,71127,47713,23414,147172,19,9,48
2023-01-24,33902,70702,-36800,78802,44885,33917,153686,16,11,50
2023-01-31,29139,72546,-43407,83538,43966,39572,156929,15,13,53
2023-02-07,29331,64805,-35474,72024,39825,32199,144514,14,12,47
2023-02-14,25405,64897,-39492,76481,40464,36017,147556,15,13,51
2023-02-21,27507,67407,-39900,78105,41258,36847,150907,17,13,53
2023-02-28,28340,69259,-40919,70989,33284,37705,151381,20,13,56
2023-03-07,25384,61055,-35671,64368,29803,34565,136216,16,11,48
2023-03-14,29833,67182,-37349,67875,32313,35562,141346,18,11,49
2023-03-21,30762,77111,-46349,75887,32344,43543,149302,18,12,53
2023-03-28,24034,76540,-52506,80810,32241,48569,159742,15,14,52
2023-04-04,26576,65116,-38540,68481,34780,33701,146925,19,12,53
2023-04-11,25211,67821,-42610,70770,33714,37056,146905,19,13,52
2023-04-18,24992,68314,-43322,72405,32578,39827,146384,18,15,53
2023-04-25,23289,63853,-40564,68058,31345,36713,140321,19,11,52
2023-05-02,18962,55501,-36539,57637,25891,31746,125871,16,11,46
2023-05-09,18731,55937,-37206,60822,26171,34651,131760,16,12,47
2023-05-16,18045,60598,-42553,69528,28961,40567,138135,14,15,52
2023-05-23,16566,64372,-47806,76275,31065,45210,146776,18,13,55
2023-05-30,14784,68078,-53294,79269,30357,48912,148868,11,14,50
2023-06-06,16626,59081,-42455,69790,28109,41681,135100,12,10,47
2023-06-13,16149,64191,-48042,75438,30490,44948,143330,11,14,49
2023-06-20,15927,62983,-47056,75851,30761,45090,144348,11,15,47
2023-06-27,11529,68451,-56922,79934,27184,52750,149387,9,15,47
2023-07-03,14882,54755,-39873,63542,25428,38114,127019,16,11,47
2023-07-11,13704,61735,-48031,72834,26217,46617,134662,14,14,51
2023-07-18,11053,56823,-45770,67322,24936,42386,128248,8,15,44
2023-07-25,14810,57160,-42350,69981,30937,39044,135185,12,13,49
2023-08-01,20576,53895,-33319,56826,25314,31512,122638,13,10,43
2023-08-08,19792,54532,-34740,57092,25000,32092,121594,12,10,43
2023-08-15,17903,61103,-43200,66441,25235,41206,129184,10,12,44
2023-08-22,16134,63706,-47572,72974,26923,46051,132232,8,14,45
2023-08-29,17508,67776,-50268,81963,32135,49828,140124,9,13,47
2023-09-05,15401,60083,-44682,72943,28717,44226,129417,12,14,49
2023-09-12,13759,62369,-48610,79210,31265,47945,136160,10,16,50
2023-09-19,15002,60974,-45972,71329,25956,45373,133528,11,13,49
2023-09-26,14791,51599,-36808,69748,33173,36575,135072,11,14,52
2023-10-03,13981,50524,-36543,62661,26740,35921,118926,10,13,46
2023-10-10,14974,47336,-32362,62144,28753,33391,118097,11,15,50
2023-10-17,17872,53208,-35336,63950,30091,33859,125015,12,13,49
2023-10-24,18742,56913,-38171,61903,27355,34548,127094,15,11,49
2023-10-31,33562,65050,-31488,64242,35614,28628,139933,14,11,50
2023-11-07,32751,56826,-24075,49744,29355,20389,122029,11,10,40
2023-11-14,30349,62212,-31863,59107,30603,28504,129416,11,10,43
2023-11-21,36544,72656,-36112,64888,30557,34331,139143,11,10,45
2023-11-28,38690,77752,-39062,67544,31576,35968,145818,12,10,47
2023-12-05,41984,65446,-23462,49737,28150,21587,124294,16,10,47
2023-12-12,43359,60936,-17577,47777,32024,15753,126671,15,10,46
2023-12-19,41438,65566,-24128,53774,32672,21102,134786,12,13,45
2023-12-26,36587,63651,-27064,54533,28243,26290,132466,12,11,42
2024-01-02,41627,61254,-19627,46069,26984,19085,120958,13,9,43
2024-01-09,43092,62435,-19343,47137,29782,17355,128156,13,11,42
2024-01-16,46924,69433,-22509,48504,28494,20010,130705,11,13,42
2024-01-23,44004,67739,-23735,48448,27432,21016,131156,12,12,44
2024-01-30,42553,64732,-22179,48204,24929,23275,129630,12,11,41
2024-02-06,43151,57004,-13853,36632,22804,13828,114395,13,8,39
2024-02-13,43272,58717,-15445,40806,24724,16082,118848,15,8,42
2024-02-20,37132,50988,-13856,42366,27780,14586,115885,15,9,44
2024-02-27,39151,56518,-17367,43702,25767,17935,116195,15,10,47
2024-03-05,37536,47188,-9652,34840,25446,9394,105464,15,8,43
2024-03-12,37781,48922,-11141,38336,26878,11458,109537,15,6,41
2024-03-19,31525,52684,-21159,46077,23906,22171,114006,15,8,44
2024-03-26,26105,59107,-33002,55548,23405,32143,123057,14,11,46
2024-04-02,25065,51065,-26000,47123,20856,26267,114832,15,8,41
2024-04-09,25257,51377,-26120,48083,24325,23758,117403,13,10,43
2024-04-16,28190,54279,-26089,54161,30471,23690,124402,10,11,45
2024-04-23,27149,52084,-24935,61777,38559,23218,136786,13,12,50
2024-04-30,20697,54376,-33679,69692,36825,32867,141090,11,13,49
2024-05-07,23045,50419,-27374,55845,31420,24425,126062,13,12,47
2024-05-14,20851,51531,-30680,57858,30101,27757,126599,12,12,46
2024-05-21,20629,52899,-32270,61785,31541,30244,132451,15,12,50
2024-05-28,21531,51637,-30106,61214,32680,28534,138103,14,11,50
2024-06-04,25756,40501,-14745,39641,26429,13212,113373,13,10,44
2024-06-11,28712,47071,-18359,45501,28339,17162,122781,15,11,49
2024-06-18,27461,47493,-20032,51135,31605,19530,126907,14,11,48
2024-06-25,26642,52281,-25639,51572,26181,25391,132431,15,11,47
2024-07-02,28074,42637,-14563,40147,26970,13177,120673,17,6,42
2024-07-09,27835,46106,-18271,44671,27354,17317,124002,15,7,41
2024-07-16,26488,46930,-20442,45350,26752,18598,126106,14,10,43
2024-07-23,26644,46746,-20102,51602,32112,19490,134023,12,13,49
2024-07-30,33562,53049,-19487,58988,40214,18774,147385,11,14,49
2024-08-06,33026,48975,-15949,52879,36373,16506,140317,13,8,44
2024-08-13,30917,49057,-18140,57694,38169,19525,145306,17,6,45
2024-08-20,28965,48118,-19153,61484,41607,19877,146627,17,7,48
2024-08-27,22551,47444,-24893,69798,44448,25350,149238,13,13,51
2024-09-03,29571,50098,-20527,50893,29874,21019,132026,15,8,45
2024-09-10,28468,51560,-23092,51474,28127,23347,137183,13,9,43
2024-09-17,24734,50023,-25289,54903,32053,22850,134440,12,10,46
2024-09-24,20619,52125,-31506,56006,26468,29538,129527,16,9,48
2024-10-01,22944,40660,-17716,48664,32436,16228,122273,15,7,45
2024-10-08,26205,54678,-28473,59367,31873,27494,138370,14,12,48
2024-10-15,21687,52078,-30391,64975,34174,30801,145225,16,11,49
2024-10-22,20877,52840,-31963,67188,37033,30155,149377,14,12,47
2024-10-29,21535,58844,-37309,71330,35517,35813,152089,15,12,49
2024-11-05,22391,52007,-29616,54739,26573,28166,132231,13,12,43
2024-11-12,21012,56676,-35664,59122,26728,32394,144921,13,12,43
2024-11-19,23405,63463,-40058,68966,32073,36893,154790,14,12,48
2024-11-26,17749,67636,-49887,80031,32262,47769,158465,10,13,43
2024-12-03,20431,48351,-27920,59941,31981,27960,135394,14,7,39
2024-12-10,17552,49445,-31893,67443,34853,32590,148256,13,10,43
2024-12-17,15474,46279,-30805,66345,36143,30202,152187,12,15,48
2024-12-24,12159,45728,-33569,67361,33457,33904,155652,10,14,45
2024-12-31,16806,37650,-20844,54097,32828,21269,143340,12,11,44
2025-01-07,15061,32533,-17472,52550,36550,16000,141837,14,11,48
2025-01-14,24603,41419,-16816,60618,43876,16742,160793,16,12,50
2025-01-21,25359,41040,-15681,68513,53111,15402,177119,18,12,54
2025-01-28,20458,47598,-27140,73449,48072,25377,175626,13,14,51
2025-02-04,21558,46979,-25421,66151,43082,23069,162502,11,13,46
2025-02-11,20849,46103,-25254,70242,47400,22842,168985,9,17,47
2025-02-18,21153,51591,-30438,76687,48239,28448,172450,11,18,52
2025-02-25,25400,53856,-28456,78091,48764,29327,178130,11,17,55
2025-03-04,24116,29516,-5400,53613,46376,7237,148385,13,15,52
2025-03-11,24796,27805,-3009,57950,53468,4482,156587,13,14,53
2025-03-18,22841,23669,-828,58197,56641,1556,165355,13,15,54
2025-03-25,26658,33186,-6528,65388,55844,9544,173728,13,16,57
2025-04-01,28301,31144,-2843,63480,59757,3723,174865,13,15,55
2025-04-08,28759,35597,-6838,75543,66725,8818,186380,12,17,58
2025-04-15,23047,38726,-15679,77265,60672,16593,186998,15,16,61
2025-04-22,22974,37776,-14802,81281,65180,16101,191908,17,14,62
2025-04-29,23893,38982,-15089,83148,67380,15768,201559,19,13,61
2025-05-06,32699,30204,2495,60927,65375,-4448,176007,20,8,56
2025-05-13,34970,29333,5637,76859,82207,-5348,197915,20,10,61
2025-05-20,32091,38754,-6663,83559,75431,8128,207837,21,11,59
2025-05-27,31747,36179,-4432,84540,79517,5023,223958,20,9,54
2025-06-03,38978,28698,10280,60668,69286,-8618,192677,20,9,50
2025-06-10,40672,27456,13216,60439,72907,-12468,189441,19,11,53
2025-06-17,48797,37206,11591,64282,74634,-10352,187254,18,14,54
2025-06-24,44226,46112,-1886,69276,68542,734,198308,21,11,55
2025-07-01,42173,46314,-4141,63513,61111,2402,175394,19,8,51
2025-07-08,47521,48486,-965,64437,63605,832,178660,22,10,55
2025-07-15,47740,55552,-7812,77387,71105,6282,191537,24,8,58
2025-07-22,41766,58622,-16856,86726,70590,16136,193236,21,10,58
2025-07-29,42492,64626,-22134,95023,73136,21887,200510,20,11,58
2025-08-05,41388,63536,-22148,86551,65792,20759,186614,18,13,57
2025-08-12,42157,65324,-23167,89725,67538,22187,192141,17,15,57
2025-08-19,42972,69175,-26203,95965,71189,24776,205436,18,14,59
2025-08-26,37339,72259,-34920,102059,67195,34864,207590,17,13,57
2025-09-02,38506,67148,-28642,92395,64100,28295,202581,19,10,54
2025-09-09,37678,63873,-26195,92625,67278,25347,208059,21,10,55
2025-09-16,40627,65326,-24699,88732,65708,23024,205173,18,12,54
2025-09-23,38805,64573,-25768,94941,70521,24420,213683,19,11,59
2025-09-30,37413,67662,-30249,101551,73223,28328,222255,17,12,58
2025-10-07,51095,59375,-8280,75093,69638,5455,200085,18,12,59
2025-10-14,48025,62711,-14686,84173,71156,13017,208408,21,12,62
2025-10-21,47150,63107,-15957,85915,71906,14009,220859,19,16,62
2025-10-28,46563,65981,-19418,82327,65844,16483,218368,16,14,54
2025-11-04,50907,66222,-15315,70023,55278,14745,201935,18,14,56
2025-11-10,49021,72076,-23055,83416,60356,23060,212410,17,16,58
2025-11-18,52247,80605,-28358,90267,62178,28089,232134,19,16,61
2025-11-25,56515,83549,-27034,104363,78497,25866,253031,20,17,62
2025-12-02,53294,77622,-24328,85220,61504,23716,222700,19,16,55
2025-12-09,45783,78752,-32969,85308,54144,31164,220220,18,19,60
2025-12-16,45005,76274,-31269,80528,51388,29140,217374,19,19,62
2025-12-23,45182,75513,-30331,82734,54946,27788,223486,20,19,63
2025-12-30,44795,72409,-27614,82332,56635,25697,228425,23,17,67
2026-01-06,47201,75053,-27852,75317,49981,25336,216192,25,15,64
2026-01-13,52273,86160,-33887,79946,49188,30758,231673,23,15,64
2026-01-20,48278,90428,-42150,88910,50035,38875,240048,23,14,61
2026-01-27,57294,99042,-41748,100693,60667,40026,267489,24,17,65
2026-02-03,57804,91914,-34110,90456,56998,33458,239816,26,13,68
2026-02-10,57190,93272,-36082,109951,74977,34974,261730,27,13,66
2026-02-17,59005,95272,-36267,113992,78302,35690,272933,28,12,67
2026-02-24,58017,107510,-49493,116939,68209,48730,266992,24,14,64
2026-03-03,64040,91508,-27468,99338,73938,25400,251667,26,13,65
2026-03-10,77808,90954,-13146,100782,89303,11479,259266,27,11,61
2026-03-17,76862,99419,-22557,112701,92124,20577,283788,30,11,67
2026-03-24,86045,103600,-17555,134198,118825,15373,315629,31,12,68
2026-03-31,69891,105706,-35815,124719,91943,32776,297990,22,18,66
2026-04-07,67615,98739,-31124,107138,79722,27416,264863,23,18,67
2026-04-14,65751,89407,-23656,99532,79062,20470,262459,24,16,64
2026-04-21,63018,86352,-23334,93286,72336,20950,255630,23,15,64
2026-04-28,63323,88880,-25557,98551,75039,23512,269896,24,18,67
2026-05-05,71485,80709,-9224,74079,67876,6203,231571,24,14,61
2026-05-12,66287,84321,-18034,78565,64986,13579,246926,22,18,62
2026-05-19,59813,84779,-24966,83284,62455,20829,243770,24,17,63
2026-05-26,58110,90924,-32814,87603,61548,26055,249447,20,18,59
2026-06-02,55950,74321,-18371,75258,62691,12567,226538,21,14,58
2026-06-09,56151,65034,-8883,80160,77698,2462,251441,17,17,57
2026-06-16,55142,67461,-12319,80540,73212,7328,251903,19,18,61
2026-06-23,54953,79444,-24491,90041,70112,19929,258223,17,18,59
2026-06-30,50911,85443,-34532,99530,68992,30538,264225,18,19,64
2026-07-07,51281,75930,-24649,86780,64338,22442,241351,22,15,61
2026-07-14,52462,73886,-21424,86863,68358,18505,247129,16,19,58
2026-07-21,54045,80775,-26730,88993,65951,23042,247812,16,17,54
2026-07-28,57848,72496,-14648,89181,79012,10169,258755,19,13,51
2026-08-04,40459,66298,-25839,76638,53275,23363,218894,18,13,52
2026-08-11,41655,67509,-25854,83806,59420,24386,233972,18,14,54
2026-08-18,41492,73742,-32250,88159,56503,31656,253532,15,17,53
2026-08-25,41968,72967,-30999,96174,66599,29575,270144,14,15,51
2026-09-01,41952,81349,-39397,92251,55409,36842,253258,17,15,55
2026-09-08,41530,83366,-41836,95175,56986,38189,262500,15,16,54
2026-09-15,43825,84454,-40629,96902,58987,37915,260719,17,15,55
2026-09-22,40522,84707,-44185,98970,56787,42183,251518,15,18,54
2026-09-29,41139,76802,-35663,97009,64390,32619,243324,16,14,56
2026-10-06,39922,71931,-32009,90548,62524,28024,230626,18,13,57
