date,rendement_1m_pct,rendement_3m_pct,rendement_6m_pct,rendement_12m_pct,momentum_12_1_pct
2026-09-08,-1.084,3.884,13.154,18.142,19.437
2026-09-09,-1.506,5.083,12.7,17.255,19.048
2026-09-10,-1.766,2.67,13.774,16.222,18.312
2026-09-11,-1.181,3.035,15.452,16.236,17.625
2026-09-14,-2.129,0.87,13.742,15.73,18.248
2026-09-15,-2.569,0.99,12.949,14.67,17.694
2026-09-16,-2.495,1.775,13.995,14.304,17.229
2026-09-17,-0.702,1.829,15.61,15.717,16.536
2026-09-18,-0.746,1.999,17.583,15.358,16.225
2026-09-21,1.177,3.906,17.987,16.511,15.155
2026-09-24,0.35,4.711,18.943,16.062,15.657
