date,feature,correlation,p_valeur,significatif
2026-09-08,momentum_5j,-0.0294,0.0108,True
2026-09-08,momentum_20j,-0.0118,0.3049,False
2026-09-08,niveau_vix,-0.0044,0.6994,False
2026-09-08,variation_vix,0.0306,0.0079,True
2026-09-09,momentum_5j,-0.0292,0.0113,True
2026-09-09,momentum_20j,-0.0116,0.3139,False
2026-09-09,niveau_vix,-0.0043,0.7082,False
2026-09-09,variation_vix,0.0305,0.0081,True
2026-09-10,momentum_5j,-0.029,0.0117,True
2026-09-10,momentum_20j,-0.0114,0.3227,False
2026-09-10,niveau_vix,-0.0042,0.7164,False
2026-09-10,variation_vix,0.0304,0.0082,True
2026-09-11,momentum_5j,-0.0292,0.0112,True
2026-09-11,momentum_20j,-0.0115,0.3188,False
2026-09-11,niveau_vix,-0.004,0.7273,False
2026-09-11,variation_vix,0.0306,0.0079,True
2026-09-14,momentum_5j,-0.0291,0.0114,True
2026-09-14,momentum_20j,-0.0114,0.3222,False
2026-09-14,niveau_vix,-0.0039,0.7324,False
2026-09-14,variation_vix,0.0308,0.0075,True
