date,ratio
1999-Q1,23.400000
1999-Q2,22.300000
1999-Q3,21.400000
1999-Q4,20.600000
2000-Q1,20.500000
2000-Q2,20.300000
2000-Q3,20.300000
2000-Q4,20.100000
2001-Q1,19.900000
2001-Q2,19.600000
2001-Q3,19.300000
2001-Q4,18.700000
2002-Q1,18.400000
2002-Q2,18.200000
2002-Q3,18.000000
2002-Q4,17.700000
2003-Q1,17.500000
2003-Q2,17.200000
2003-Q3,16.900000
2003-Q4,16.500000
2004-Q1,16.100000
2004-Q2,15.700000
2004-Q3,15.500000
2004-Q4,15.300000
2005-Q1,15.600000
2005-Q2,15.900000
2005-Q3,16.100000
2005-Q4,16.200000
2006-Q1,16.200000
2006-Q2,16.500000
2006-Q3,16.900000
2006-Q4,17.300000
2007-Q1,17.700000
2007-Q2,17.900000
2007-Q3,18.000000
2007-Q4,17.900000
2008-Q1,17.900000
2008-Q2,18.000000
2008-Q3,18.300000
2008-Q4,18.800000
2009-Q1,19.100000
2009-Q2,19.300000
2009-Q3,19.500000
2009-Q4,19.500000
2010-Q1,19.100000
2010-Q2,18.800000
2010-Q3,18.500000
2010-Q4,18.200000
2011-Q1,18.300000
2011-Q2,18.300000
2011-Q3,18.400000
2011-Q4,18.200000
2012-Q1,18.000000
2012-Q2,18.000000
2012-Q3,18.000000
2012-Q4,17.800000
2013-Q1,18.200000
2013-Q2,18.100000
2013-Q3,18.000000
2013-Q4,17.800000
2014-Q1,17.700000
2014-Q2,17.600000
2014-Q3,17.700000
2014-Q4,17.600000
2015-Q1,17.500000
2015-Q2,17.400000
2015-Q3,17.300000
2015-Q4,17.200000
2016-Q1,17.100000
2016-Q2,17.100000
2016-Q3,17.100000
2016-Q4,17.100000
2017-Q1,17.100000
2017-Q2,17.300000
2017-Q3,17.300000
2017-Q4,17.200000
2018-Q1,17.400000
2018-Q2,17.500000
2018-Q3,17.700000
2018-Q4,17.800000
2019-Q1,18.000000
2019-Q2,18.200000
2019-Q3,18.300000
2019-Q4,18.200000
2020-Q1,18.300000
2020-Q2,18.400000
2020-Q3,18.600000
2020-Q4,18.600000
2021-Q1,18.800000
2021-Q2,18.900000
2021-Q3,19.100000
2021-Q4,19.300000
2022-Q1,19.400000
2022-Q2,19.800000
2022-Q3,20.400000
2022-Q4,20.900000
2023-Q1,21.400000
2023-Q2,21.500000
2023-Q3,21.600000
2023-Q4,21.400000
2024-Q1,21.000000
2024-Q2,20.700000
2024-Q3,20.500000
2024-Q4,20.300000
2025-Q1,20.200000
2025-Q2,19.900000
2025-Q3,19.800000
2025-Q4,19.600000
