record_date,auction_date,issue_date,maturity_date,security_type,security_term,offering_amt,high_yield,bid_to_cover_ratio
2025-11-13,2025-11-10,2025-11-13,2025-12-26,Bill,6-Week,95000000000,null,2.700000
2025-11-13,2025-11-10,2025-11-13,2026-02-12,Bill,13-Week,86000000000,null,2.830000
2025-11-17,2025-11-13,2025-11-17,2055-11-15,Bond,30-Year,25000000000,4.6940,2.290000
2025-11-17,2025-11-12,2025-11-17,2035-11-15,Note,10-Year,42000000000,4.0740,2.430000
2025-11-17,2025-11-10,2025-11-17,2028-11-15,Note,3-Year,58000000000,3.5790,2.850000
2025-11-18,2025-11-13,2025-11-18,2026-01-13,Bill,8-Week,95000000000,null,2.870000
2025-11-18,2025-11-13,2025-11-18,2025-12-16,Bill,4-Week,110000000000,null,2.730000
2025-11-18,2025-11-12,2025-11-18,2026-03-17,Bill,17-Week,69000000000,null,3.180000
2025-11-20,2025-11-18,2025-11-20,2026-01-02,Bill,6-Week,95000000000,null,2.800000
2025-11-20,2025-11-17,2025-11-20,2026-02-19,Bill,13-Week,86000000000,null,2.790000
2025-11-20,2025-11-17,2025-11-20,2026-05-21,Bill,26-Week,77000000000,null,2.800000
2025-11-25,2025-11-20,2025-11-25,2025-12-23,Bill,4-Week,110000000000,null,2.750000
2025-11-25,2025-11-20,2025-11-25,2026-01-20,Bill,8-Week,95000000000,null,2.640000
2025-11-25,2025-11-19,2025-11-25,2026-03-24,Bill,17-Week,69000000000,null,3.150000
2025-11-28,2025-11-25,2025-11-28,2026-01-08,Bill,6-Week,85000000000,null,2.710000
2025-11-28,2025-11-25,2025-11-28,2027-10-31,Note,1-Year 11-Month,28000000000,null,3.030000
2025-11-28,2025-11-25,2025-11-28,2026-11-27,Bill,52-Week,50000000000,null,3.080000
2025-11-28,2025-11-24,2025-11-28,2026-05-28,Bill,26-Week,77000000000,null,2.770000
2025-11-28,2025-11-24,2025-11-28,2026-02-26,Bill,13-Week,86000000000,null,2.850000
2025-11-28,2025-11-20,2025-11-28,2035-07-15,Note,9-Year 8-Month,19000000000,1.8430,2.410000
2025-12-01,2025-11-26,2025-12-01,2032-11-30,Note,7-Year,44000000000,3.7810,2.460000
2025-12-01,2025-11-25,2025-12-01,2030-11-30,Note,5-Year,70000000000,3.5620,2.410000
2025-12-01,2025-11-24,2025-12-01,2027-11-30,Note,2-Year,69000000000,3.4890,2.680000
2025-12-01,2025-11-19,2025-12-01,2045-11-15,Bond,20-Year,16000000000,4.7060,2.410000
2025-12-02,2025-11-26,2025-12-02,2026-01-27,Bill,8-Week,85000000000,null,2.870000
2025-12-02,2025-11-26,2025-12-02,2025-12-30,Bill,4-Week,100000000000,null,2.770000
2025-12-02,2025-11-26,2025-12-02,2026-03-31,Bill,17-Week,69000000000,null,2.840000
2025-12-04,2025-12-02,2025-12-04,2026-01-15,Bill,6-Week,75000000000,null,3.150000
2025-12-04,2025-12-01,2025-12-04,2026-03-05,Bill,13-Week,86000000000,null,2.820000
2025-12-04,2025-12-01,2025-12-04,2026-06-04,Bill,26-Week,77000000000,null,3.020000
2025-12-08,2025-12-04,2025-12-08,2025-12-10,Bill,2-Day,25000000,null,4.320000
2025-12-09,2025-12-04,2025-12-09,2026-01-06,Bill,4-Week,90000000000,null,2.690000
2025-12-09,2025-12-04,2025-12-09,2026-02-03,Bill,8-Week,80000000000,null,2.980000
2025-12-09,2025-12-03,2025-12-09,2026-04-07,Bill,17-Week,69000000000,null,3.170000
2025-12-11,2025-12-09,2025-12-11,2026-01-22,Bill,6-Week,75000000000,null,2.890000
2025-12-11,2025-12-08,2025-12-11,2026-03-12,Bill,13-Week,86000000000,null,2.730000
2025-12-11,2025-12-08,2025-12-11,2026-06-11,Bill,26-Week,77000000000,null,3.010000
2025-12-15,2025-12-11,2025-12-15,2055-11-15,Bond,29-Year 11-Month,22000000000,4.7730,2.360000
2025-12-15,2025-12-09,2025-12-15,2035-11-15,Note,9-Year 11-Month,39000000000,4.1750,2.550000
2025-12-15,2025-12-08,2025-12-15,2028-12-15,Note,3-Year,58000000000,3.6140,2.640000
2025-12-16,2025-12-11,2025-12-16,2026-01-13,Bill,4-Week,85000000000,null,2.970000
2025-12-16,2025-12-11,2025-12-16,2026-02-10,Bill,8-Week,80000000000,null,2.790000
2025-12-16,2025-12-10,2025-12-16,2026-04-14,Bill,17-Week,69000000000,null,3.040000
2025-12-18,2025-12-16,2025-12-18,2026-01-29,Bill,6-Week,75000000000,null,2.730000
2025-12-18,2025-12-15,2025-12-18,2026-06-18,Bill,26-Week,77000000000,null,2.840000
2025-12-18,2025-12-15,2025-12-18,2026-03-19,Bill,13-Week,86000000000,null,2.680000
2025-12-23,2025-12-18,2025-12-23,2026-02-17,Bill,8-Week,80000000000,null,3.010000
2025-12-23,2025-12-18,2025-12-23,2026-01-20,Bill,4-Week,80000000000,null,3.280000
2025-12-23,2025-12-17,2025-12-23,2026-04-21,Bill,17-Week,69000000000,null,3.270000
2025-12-26,2025-12-23,2025-12-26,2027-10-31,Note,1-Year 10-Month,28000000000,null,3.750000
2025-12-26,2025-12-23,2025-12-26,2026-02-05,Bill,6-Week,75000000000,null,2.870000
2025-12-26,2025-12-23,2025-12-26,2026-12-24,Bill,52-Week,50000000000,null,3.740000
2025-12-26,2025-12-22,2025-12-26,2026-03-26,Bill,13-Week,86000000000,null,2.860000
2025-12-26,2025-12-22,2025-12-26,2026-06-25,Bill,26-Week,77000000000,null,3.180000
2025-12-30,2025-12-24,2025-12-30,2026-01-27,Bill,4-Week,80000000000,null,3.140000
2025-12-30,2025-12-24,2025-12-30,2026-02-24,Bill,8-Week,80000000000,null,2.920000
2025-12-30,2025-12-24,2025-12-30,2026-04-28,Bill,17-Week,69000000000,null,2.950000
2025-12-31,2025-12-24,2025-12-31,2032-12-31,Note,7-Year,44000000000,3.9300,2.510000
2025-12-31,2025-12-23,2025-12-31,2030-12-31,Note,5-Year,70000000000,3.7470,2.350000
2025-12-31,2025-12-22,2025-12-31,2027-12-31,Note,2-Year,69000000000,3.4990,2.540000
2025-12-31,2025-12-18,2025-12-31,2030-10-15,Note,4-Year 10-Month,24000000000,1.4330,2.620000
2025-12-31,2025-12-17,2025-12-31,2045-11-15,Bond,19-Year 11-Month,13000000000,4.7980,2.670000
2026-01-02,2025-12-30,2026-01-02,2026-02-12,Bill,6-Week,75000000000,null,2.960000
2026-01-02,2025-12-29,2026-01-02,2026-07-02,Bill,26-Week,77000000000,null,2.520000
2026-01-02,2025-12-29,2026-01-02,2026-04-02,Bill,13-Week,86000000000,null,2.660000
2026-01-06,2025-12-31,2026-01-06,2026-03-03,Bill,8-Week,80000000000,null,2.830000
2026-01-06,2025-12-31,2026-01-06,2026-05-05,Bill,17-Week,69000000000,null,3.110000
2026-01-06,2025-12-31,2026-01-06,2026-02-03,Bill,4-Week,80000000000,null,2.900000
2026-01-08,2026-01-06,2026-01-08,2026-02-19,Bill,6-Week,75000000000,null,2.890000
2026-01-08,2026-01-05,2026-01-08,2026-04-09,Bill,13-Week,86000000000,null,2.840000
2026-01-08,2026-01-05,2026-01-08,2026-07-09,Bill,26-Week,77000000000,null,3.280000
2026-01-13,2026-01-08,2026-01-13,2026-03-10,Bill,8-Week,80000000000,null,2.850000
2026-01-13,2026-01-08,2026-01-13,2026-02-10,Bill,4-Week,80000000000,null,3.180000
2026-01-13,2026-01-07,2026-01-13,2026-05-12,Bill,17-Week,69000000000,null,3.020000
2026-01-15,2026-01-13,2026-01-15,2026-02-26,Bill,6-Week,75000000000,null,2.970000
2026-01-15,2026-01-13,2026-01-15,2055-11-15,Bond,29-Year 10-Month,22000000000,4.8250,2.420000
2026-01-15,2026-01-12,2026-01-15,2026-07-16,Bill,26-Week,77000000000,null,3.170000
2026-01-15,2026-01-12,2026-01-15,2029-01-15,Note,3-Year,58000000000,3.6090,2.650000
2026-01-15,2026-01-12,2026-01-15,2035-11-15,Note,9-Year 10-Month,39000000000,4.1730,2.550000
2026-01-15,2026-01-12,2026-01-15,2026-04-16,Bill,13-Week,86000000000,null,2.790000
2026-01-20,2026-01-15,2026-01-20,2026-02-17,Bill,4-Week,95000000000,null,2.920000
2026-01-20,2026-01-15,2026-01-20,2026-03-17,Bill,8-Week,90000000000,null,2.710000
2026-01-20,2026-01-14,2026-01-20,2026-05-19,Bill,17-Week,69000000000,null,3.000000
2026-01-22,2026-01-20,2026-01-22,2026-07-23,Bill,26-Week,77000000000,null,2.950000
2026-01-22,2026-01-20,2026-01-22,2026-04-23,Bill,13-Week,89000000000,null,2.700000
2026-01-22,2026-01-20,2026-01-22,2027-01-21,Bill,52-Week,50000000000,null,3.420000
2026-01-22,2026-01-20,2026-01-22,2026-03-05,Bill,6-Week,85000000000,null,2.420000
2026-01-27,2026-01-22,2026-01-27,2026-03-24,Bill,8-Week,95000000000,null,2.840000
2026-01-27,2026-01-22,2026-01-27,2026-02-24,Bill,4-Week,105000000000,null,2.860000
2026-01-27,2026-01-21,2026-01-27,2026-05-26,Bill,17-Week,69000000000,null,2.990000
2026-01-29,2026-01-27,2026-01-29,2026-03-12,Bill,6-Week,90000000000,null,2.640000
2026-01-29,2026-01-26,2026-01-29,2026-04-30,Bill,13-Week,89000000000,null,2.900000
2026-01-29,2026-01-26,2026-01-29,2026-07-30,Bill,26-Week,77000000000,null,3.070000
2026-01-30,2026-01-22,2026-01-30,2036-01-15,Note,10-Year,21000000000,1.9400,2.380000
2026-02-02,2026-01-29,2026-02-02,2033-01-31,Note,7-Year,44000000000,4.0180,2.450000
2026-02-02,2026-01-28,2026-02-02,2028-01-31,Note,2-Year,30000000000,null,3.160000
2026-02-02,2026-01-27,2026-02-02,2031-01-31,Note,5-Year,70000000000,3.8230,2.340000
2026-02-02,2026-01-26,2026-02-02,2028-01-31,Note,2-Year,69000000000,3.5800,2.750000
2026-02-02,2026-01-21,2026-02-02,2045-11-15,Bond,19-Year 10-Month,13000000000,4.8460,2.860000
2026-02-03,2026-01-29,2026-02-03,2026-03-31,Bill,8-Week,95000000000,null,2.870000
2026-02-03,2026-01-29,2026-02-03,2026-03-03,Bill,4-Week,105000000000,null,2.860000
2026-02-03,2026-01-28,2026-02-03,2026-06-02,Bill,17-Week,69000000000,null,2.920000
2026-02-05,2026-02-03,2026-02-05,2026-03-19,Bill,6-Week,90000000000,null,2.830000
2026-02-05,2026-02-02,2026-02-05,2026-05-07,Bill,13-Week,89000000000,null,2.810000
2026-02-05,2026-02-02,2026-02-05,2026-08-06,Bill,26-Week,77000000000,null,3.080000
2026-02-10,2026-02-05,2026-02-10,2026-03-10,Bill,4-Week,105000000000,null,2.850000
2026-02-10,2026-02-05,2026-02-10,2026-04-07,Bill,8-Week,95000000000,null,2.640000
2026-02-10,2026-02-04,2026-02-10,2026-06-09,Bill,17-Week,69000000000,null,2.970000
2026-02-12,2026-02-10,2026-02-12,2026-03-26,Bill,6-Week,90000000000,null,2.960000
2026-02-12,2026-02-09,2026-02-12,2026-05-14,Bill,13-Week,89000000000,null,2.760000
2026-02-12,2026-02-09,2026-02-12,2026-08-13,Bill,26-Week,77000000000,null,3.090000
2026-02-17,2026-02-12,2026-02-17,2026-03-17,Bill,4-Week,105000000000,null,2.780000
2026-02-17,2026-02-12,2026-02-17,2026-04-14,Bill,8-Week,95000000000,null,2.880000
2026-02-17,2026-02-12,2026-02-17,2056-02-15,Bond,30-Year,25000000000,4.7500,2.660000
2026-02-17,2026-02-11,2026-02-17,2026-06-16,Bill,17-Week,69000000000,null,3.380000
2026-02-17,2026-02-11,2026-02-17,2036-02-15,Note,10-Year,42000000000,4.1770,2.390000
2026-02-17,2026-02-10,2026-02-17,2029-02-15,Note,3-Year,58000000000,3.5180,2.620000
2026-02-19,2026-02-17,2026-02-19,2026-08-20,Bill,26-Week,77000000000,null,3.080000
2026-02-19,2026-02-17,2026-02-19,2027-02-18,Bill,52-Week,50000000000,null,2.960000
2026-02-19,2026-02-17,2026-02-19,2026-04-02,Bill,6-Week,90000000000,null,2.750000
2026-02-19,2026-02-17,2026-02-19,2026-05-21,Bill,13-Week,89000000000,null,2.710000
2026-02-24,2026-02-19,2026-02-24,2026-03-24,Bill,4-Week,105000000000,null,2.940000
2026-02-24,2026-02-19,2026-02-24,2026-04-21,Bill,8-Week,95000000000,null,2.820000
2026-02-24,2026-02-18,2026-02-24,2026-06-23,Bill,17-Week,69000000000,null,3.150000
2026-02-26,2026-02-24,2026-02-26,2026-04-09,Bill,6-Week,90000000000,null,2.820000
2026-02-26,2026-02-23,2026-02-26,2026-05-28,Bill,13-Week,89000000000,null,3.300000
2026-02-26,2026-02-23,2026-02-26,2026-08-27,Bill,26-Week,77000000000,null,3.030000
2026-02-27,2026-02-25,2026-02-27,2028-01-31,Note,1-Year 11-Month,28000000000,null,3.010000
2026-02-27,2026-02-19,2026-02-27,2056-02-15,Bond,30-Year,9000000000,2.4730,2.750000
2026-03-02,2026-02-26,2026-03-02,2033-02-28,Note,7-Year,44000000000,3.7900,2.500000
2026-03-02,2026-02-25,2026-03-02,2031-02-28,Note,5-Year,70000000000,3.6150,2.320000
2026-03-02,2026-02-24,2026-03-02,2028-02-29,Note,2-Year,69000000000,3.4550,2.630000
2026-03-02,2026-02-18,2026-03-02,2046-02-15,Bond,20-Year,16000000000,4.6640,2.360000
2026-03-03,2026-02-26,2026-03-03,2026-04-28,Bill,8-Week,95000000000,null,2.800000
2026-03-03,2026-02-26,2026-03-03,2026-03-31,Bill,4-Week,105000000000,null,2.880000
2026-03-03,2026-02-25,2026-03-03,2026-06-30,Bill,17-Week,69000000000,null,3.200000
2026-03-05,2026-03-03,2026-03-05,2026-04-16,Bill,6-Week,90000000000,null,2.880000
2026-03-05,2026-03-02,2026-03-05,2026-09-03,Bill,26-Week,77000000000,null,3.100000
2026-03-05,2026-03-02,2026-03-05,2026-06-04,Bill,13-Week,89000000000,null,3.160000
2026-03-10,2026-03-05,2026-03-10,2026-05-05,Bill,8-Week,95000000000,null,3.210000
2026-03-10,2026-03-05,2026-03-10,2026-04-07,Bill,4-Week,105000000000,null,2.890000
2026-03-10,2026-03-04,2026-03-10,2026-07-07,Bill,17-Week,69000000000,null,3.250000
2026-03-12,2026-03-10,2026-03-12,2026-04-23,Bill,6-Week,90000000000,null,2.980000
2026-03-12,2026-03-09,2026-03-12,2026-09-10,Bill,26-Week,77000000000,null,3.090000
2026-03-12,2026-03-09,2026-03-12,2026-06-11,Bill,13-Week,89000000000,null,2.920000
2026-03-16,2026-03-12,2026-03-16,2056-02-15,Bond,29-Year 11-Month,22000000000,4.8710,2.450000
2026-03-16,2026-03-11,2026-03-16,2036-02-15,Note,9-Year 11-Month,39000000000,4.2170,2.450000
2026-03-16,2026-03-10,2026-03-16,2029-03-15,Note,3-Year,58000000000,3.5790,2.550000
2026-03-17,2026-03-12,2026-03-17,2026-05-12,Bill,8-Week,90000000000,null,3.100000
2026-03-17,2026-03-12,2026-03-17,2026-04-14,Bill,4-Week,100000000000,null,2.770000
2026-03-17,2026-03-11,2026-03-17,2026-07-14,Bill,17-Week,69000000000,null,3.190000
2026-03-19,2026-03-17,2026-03-19,2026-04-30,Bill,6-Week,85000000000,null,3.020000
2026-03-19,2026-03-17,2026-03-19,2027-03-18,Bill,52-Week,50000000000,null,3.430000
2026-03-19,2026-03-16,2026-03-19,2026-06-18,Bill,13-Week,89000000000,null,2.940000
2026-03-19,2026-03-16,2026-03-19,2026-09-17,Bill,26-Week,77000000000,null,2.640000
2026-03-24,2026-03-19,2026-03-24,2026-05-19,Bill,8-Week,85000000000,null,2.830000
2026-03-24,2026-03-19,2026-03-24,2026-04-21,Bill,4-Week,90000000000,null,3.120000
2026-03-24,2026-03-18,2026-03-24,2026-07-21,Bill,17-Week,69000000000,null,3.050000
2026-03-26,2026-03-24,2026-03-26,2026-05-07,Bill,6-Week,80000000000,null,2.980000
2026-03-26,2026-03-23,2026-03-26,2026-09-24,Bill,26-Week,77000000000,null,3.030000
2026-03-26,2026-03-23,2026-03-26,2026-06-25,Bill,13-Week,89000000000,null,2.840000
2026-03-27,2026-03-25,2026-03-27,2028-01-31,Note,1-Year 10-Month,28000000000,null,2.780000
2026-03-31,2026-03-26,2026-03-31,2033-03-31,Note,7-Year,44000000000,4.2550,2.430000
2026-03-31,2026-03-26,2026-03-31,2026-05-26,Bill,8-Week,80000000000,null,3.140000
2026-03-31,2026-03-26,2026-03-31,2026-04-28,Bill,4-Week,85000000000,null,3.030000
2026-03-31,2026-03-25,2026-03-31,2031-03-31,Note,5-Year,70000000000,3.9800,2.290000
2026-03-31,2026-03-25,2026-03-31,2026-07-28,Bill,17-Week,69000000000,null,2.820000
2026-03-31,2026-03-24,2026-03-31,2028-03-31,Note,2-Year,69000000000,3.9360,2.440000
2026-03-31,2026-03-19,2026-03-31,2036-01-15,Note,9-Year 10-Month,19000000000,1.8960,2.470000
2026-03-31,2026-03-17,2026-03-31,2046-02-15,Bond,19-Year 11-Month,13000000000,4.8170,2.760000
2026-04-02,2026-03-31,2026-04-02,2026-05-14,Bill,6-Week,75000000000,null,2.890000
2026-04-02,2026-03-30,2026-04-02,2026-07-02,Bill,13-Week,89000000000,null,2.660000
2026-04-02,2026-03-30,2026-04-02,2026-10-01,Bill,26-Week,77000000000,null,2.830000
2026-04-07,2026-04-02,2026-04-07,2026-05-05,Bill,4-Week,80000000000,null,3.150000
2026-04-07,2026-04-02,2026-04-07,2026-06-02,Bill,8-Week,75000000000,null,3.260000
2026-04-07,2026-04-01,2026-04-07,2026-08-04,Bill,17-Week,69000000000,null,2.950000
2026-04-09,2026-04-07,2026-04-09,2026-05-21,Bill,6-Week,70000000000,null,3.570000
2026-04-09,2026-04-06,2026-04-09,2026-07-09,Bill,13-Week,89000000000,null,2.580000
2026-04-09,2026-04-06,2026-04-09,2026-10-08,Bill,26-Week,77000000000,null,3.060000
2026-04-14,2026-04-09,2026-04-14,2026-05-12,Bill,4-Week,80000000000,null,3.280000
2026-04-14,2026-04-09,2026-04-14,2026-06-09,Bill,8-Week,75000000000,null,3.160000
2026-04-14,2026-04-08,2026-04-14,2026-08-11,Bill,17-Week,69000000000,null,3.340000
2026-04-15,2026-04-09,2026-04-15,2056-02-15,Bond,29-Year 10-Month,22000000000,4.8760,2.390000
2026-04-15,2026-04-08,2026-04-15,2036-02-15,Note,9-Year 10-Month,39000000000,4.2820,2.430000
2026-04-15,2026-04-07,2026-04-15,2029-04-15,Note,3-Year,58000000000,3.8970,2.680000
2026-04-16,2026-04-14,2026-04-16,2027-04-15,Bill,52-Week,50000000000,null,3.210000
2026-04-16,2026-04-14,2026-04-16,2026-05-28,Bill,6-Week,70000000000,null,3.040000
2026-04-16,2026-04-13,2026-04-16,2026-10-15,Bill,26-Week,77000000000,null,2.840000
2026-04-16,2026-04-13,2026-04-16,2026-07-16,Bill,13-Week,89000000000,null,2.770000
2026-04-21,2026-04-16,2026-04-21,2026-05-19,Bill,4-Week,80000000000,null,3.120000
2026-04-21,2026-04-16,2026-04-21,2026-06-16,Bill,8-Week,75000000000,null,3.220000
2026-04-21,2026-04-15,2026-04-21,2026-08-18,Bill,17-Week,69000000000,null,2.930000
2026-04-23,2026-04-21,2026-04-23,2026-06-04,Bill,6-Week,70000000000,null,2.880000
2026-04-23,2026-04-20,2026-04-23,2026-10-22,Bill,26-Week,77000000000,null,2.890000
2026-04-23,2026-04-20,2026-04-23,2026-07-23,Bill,13-Week,89000000000,null,2.940000
2026-04-28,2026-04-23,2026-04-28,2026-05-26,Bill,4-Week,80000000000,null,2.980000
2026-04-28,2026-04-23,2026-04-28,2026-06-23,Bill,8-Week,75000000000,null,2.910000
2026-04-28,2026-04-22,2026-04-28,2026-08-25,Bill,17-Week,69000000000,null,3.020000
2026-04-30,2026-04-28,2026-04-30,2028-04-30,Note,2-Year,30000000000,null,3.520000
2026-04-30,2026-04-28,2026-04-30,2026-06-11,Bill,6-Week,70000000000,null,3.140000
2026-04-30,2026-04-28,2026-04-30,2033-04-30,Note,7-Year,44000000000,4.1750,2.510000
2026-04-30,2026-04-27,2026-04-30,2026-07-30,Bill,13-Week,89000000000,null,3.090000
2026-04-30,2026-04-27,2026-04-30,2028-04-30,Note,2-Year,69000000000,3.8120,2.650000
2026-04-30,2026-04-27,2026-04-30,2026-10-29,Bill,26-Week,77000000000,null,2.950000
2026-04-30,2026-04-27,2026-04-30,2031-04-30,Note,5-Year,70000000000,3.9550,2.330000
2026-04-30,2026-04-23,2026-04-30,2031-04-15,Note,5-Year,26000000000,1.3670,2.570000
2026-04-30,2026-04-22,2026-04-30,2046-02-15,Bond,19-Year 10-Month,13000000000,4.8830,2.680000
2026-05-05,2026-04-30,2026-05-05,2026-06-02,Bill,4-Week,80000000000,null,2.920000
2026-05-05,2026-04-30,2026-05-05,2026-06-30,Bill,8-Week,75000000000,null,2.790000
2026-05-05,2026-04-29,2026-05-05,2026-09-01,Bill,17-Week,69000000000,null,2.780000
2026-05-07,2026-05-05,2026-05-07,2026-06-18,Bill,6-Week,75000000000,null,3.070000
2026-05-07,2026-05-04,2026-05-07,2026-08-06,Bill,13-Week,89000000000,null,2.760000
2026-05-07,2026-05-04,2026-05-07,2026-11-05,Bill,26-Week,77000000000,null,2.790000
2026-05-12,2026-05-07,2026-05-12,2026-07-07,Bill,8-Week,85000000000,null,2.910000
2026-05-12,2026-05-07,2026-05-12,2026-06-09,Bill,4-Week,90000000000,null,2.590000
2026-05-12,2026-05-06,2026-05-12,2026-09-08,Bill,17-Week,69000000000,null,3.130000
2026-05-14,2026-05-12,2026-05-14,2026-06-25,Bill,6-Week,80000000000,null,2.800000
2026-05-14,2026-05-12,2026-05-14,2027-05-13,Bill,52-Week,50000000000,null,3.410000
2026-05-14,2026-05-11,2026-05-14,2026-11-12,Bill,26-Week,77000000000,null,2.910000
2026-05-14,2026-05-11,2026-05-14,2026-08-13,Bill,13-Week,89000000000,null,2.860000
2026-05-15,2026-05-13,2026-05-15,2056-05-15,Bond,30-Year,25000000000,5.0460,2.300000
2026-05-15,2026-05-12,2026-05-15,2036-05-15,Note,10-Year,42000000000,4.4680,2.400000
2026-05-15,2026-05-11,2026-05-15,2029-05-15,Note,3-Year,58000000000,3.9650,2.540000
2026-05-19,2026-05-14,2026-05-19,2026-07-14,Bill,8-Week,95000000000,null,2.720000
2026-05-19,2026-05-14,2026-05-19,2026-06-16,Bill,4-Week,100000000000,null,2.660000
2026-05-19,2026-05-13,2026-05-19,2026-09-15,Bill,17-Week,69000000000,null,3.200000
2026-05-21,2026-05-19,2026-05-21,2026-07-02,Bill,6-Week,85000000000,null,3.010000
2026-05-21,2026-05-18,2026-05-21,2026-08-20,Bill,13-Week,89000000000,null,3.170000
2026-05-21,2026-05-18,2026-05-21,2026-11-19,Bill,26-Week,77000000000,null,3.070000
2026-05-22,2026-05-21,2026-05-22,2026-06-18,Bill,27-Day,25000000000,null,4.600000
2026-05-26,2026-05-21,2026-05-26,2026-06-23,Bill,4-Week,100000000000,null,2.600000
2026-05-26,2026-05-21,2026-05-26,2026-07-21,Bill,8-Week,95000000000,null,2.770000
2026-05-26,2026-05-20,2026-05-26,2026-09-22,Bill,17-Week,69000000000,null,3.340000
2026-05-28,2026-05-26,2026-05-28,2026-07-09,Bill,6-Week,85000000000,null,2.710000
2026-05-28,2026-05-26,2026-05-28,2026-11-27,Bill,26-Week,77000000000,null,2.770000
2026-05-28,2026-05-26,2026-05-28,2026-08-27,Bill,13-Week,89000000000,null,3.080000
2026-05-29,2026-05-27,2026-05-29,2028-04-30,Note,1-Year 11-Month,28000000000,null,3.490000
2026-05-29,2026-05-21,2026-05-29,2036-01-15,Note,9-Year 8-Month,19000000000,2.1690,2.520000
2026-06-01,2026-05-28,2026-06-01,2033-05-31,Note,7-Year,44000000000,4.2900,2.520000
2026-06-01,2026-05-27,2026-06-01,2031-05-31,Note,5-Year,70000000000,4.1820,2.340000
2026-06-01,2026-05-26,2026-06-01,2028-05-31,Note,2-Year,69000000000,4.0710,2.640000
2026-06-01,2026-05-20,2026-06-01,2046-05-15,Bond,20-Year,16000000000,5.1220,2.550000
2026-06-02,2026-05-28,2026-06-02,2026-06-30,Bill,4-Week,85000000000,null,2.760000
2026-06-02,2026-05-28,2026-06-02,2026-07-28,Bill,8-Week,80000000000,null,3.080000
2026-06-02,2026-05-27,2026-06-02,2026-09-29,Bill,17-Week,69000000000,null,3.010000
2026-06-04,2026-06-02,2026-06-04,2026-07-16,Bill,6-Week,75000000000,null,3.280000
2026-06-04,2026-06-01,2026-06-04,2026-09-03,Bill,13-Week,89000000000,null,2.690000
2026-06-04,2026-06-01,2026-06-04,2026-12-03,Bill,26-Week,77000000000,null,2.840000
2026-06-09,2026-06-04,2026-06-09,2026-07-07,Bill,4-Week,75000000000,null,3.070000
2026-06-09,2026-06-04,2026-06-09,2026-08-04,Bill,8-Week,75000000000,null,3.200000
2026-06-09,2026-06-03,2026-06-09,2026-10-06,Bill,17-Week,69000000000,null,3.150000
2026-06-11,2026-06-09,2026-06-11,2026-07-23,Bill,6-Week,65000000000,null,3.250000
2026-06-11,2026-06-09,2026-06-11,2027-06-10,Bill,52-Week,50000000000,null,3.340000
2026-06-11,2026-06-08,2026-06-11,2026-12-10,Bill,26-Week,77000000000,null,2.750000
2026-06-11,2026-06-08,2026-06-11,2026-09-10,Bill,13-Week,89000000000,null,2.790000
2026-06-15,2026-06-11,2026-06-15,2056-05-15,Bond,29-Year 11-Month,22000000000,5.0200,2.330000
2026-06-15,2026-06-10,2026-06-15,2036-05-15,Note,9-Year 11-Month,39000000000,4.5380,2.570000
2026-06-15,2026-06-09,2026-06-15,2029-06-15,Note,3-Year,58000000000,4.1920,2.640000
2026-06-16,2026-06-11,2026-06-16,2026-08-11,Bill,8-Week,75000000000,null,2.940000
2026-06-16,2026-06-11,2026-06-16,2026-07-14,Bill,4-Week,70000000000,null,3.130000
2026-06-16,2026-06-10,2026-06-16,2026-10-13,Bill,17-Week,69000000000,null,2.880000
2026-06-18,2026-06-16,2026-06-18,2026-07-30,Bill,6-Week,65000000000,null,3.120000
2026-06-18,2026-06-15,2026-06-18,2026-12-17,Bill,26-Week,77000000000,null,2.760000
2026-06-18,2026-06-15,2026-06-18,2026-09-17,Bill,13-Week,89000000000,null,2.470000
2026-06-22,2026-06-16,2026-06-22,2046-05-15,Bond,19-Year 11-Month,13000000000,4.9270,2.750000
2026-06-23,2026-06-18,2026-06-23,2026-07-21,Bill,4-Week,70000000000,null,2.990000
2026-06-23,2026-06-18,2026-06-23,2026-08-18,Bill,8-Week,75000000000,null,2.570000
2026-06-23,2026-06-17,2026-06-23,2026-10-20,Bill,17-Week,69000000000,null,2.870000
2026-06-25,2026-06-23,2026-06-25,2026-08-06,Bill,6-Week,65000000000,null,2.910000
2026-06-25,2026-06-22,2026-06-25,2026-12-24,Bill,26-Week,77000000000,null,2.510000
2026-06-25,2026-06-22,2026-06-25,2026-09-24,Bill,13-Week,89000000000,null,2.680000
2026-06-26,2026-06-24,2026-06-26,2028-04-30,Note,1-Year 10-Month,28000000000,null,2.990000
2026-06-30,2026-06-25,2026-06-30,2033-06-30,Note,7-Year,44000000000,4.2600,2.500000
2026-06-30,2026-06-25,2026-06-30,2026-08-25,Bill,8-Week,75000000000,null,2.790000
2026-06-30,2026-06-25,2026-06-30,2026-07-28,Bill,4-Week,70000000000,null,2.740000
2026-06-30,2026-06-24,2026-06-30,2031-06-30,Note,5-Year,70000000000,4.2000,2.350000
2026-06-30,2026-06-24,2026-06-30,2026-10-27,Bill,17-Week,69000000000,null,2.550000
2026-06-30,2026-06-23,2026-06-30,2028-06-30,Note,2-Year,69000000000,4.1890,2.640000
2026-06-30,2026-06-18,2026-06-30,2031-04-15,Note,4-Year 10-Month,24000000000,1.9550,2.610000
2026-07-02,2026-06-30,2026-07-02,2026-08-13,Bill,6-Week,80000000000,null,2.710000
2026-07-02,2026-06-29,2026-07-02,2026-12-31,Bill,26-Week,79000000000,null,2.580000
2026-07-02,2026-06-29,2026-07-02,2026-10-01,Bill,13-Week,92000000000,null,2.320000
2026-07-07,2026-07-02,2026-07-07,2026-08-04,Bill,4-Week,85000000000,null,2.720000
2026-07-07,2026-07-02,2026-07-07,2026-09-01,Bill,8-Week,85000000000,null,2.700000
2026-07-07,2026-07-01,2026-07-07,2026-11-03,Bill,17-Week,72000000000,null,2.660000
2026-07-09,2026-07-07,2026-07-09,2027-07-08,Bill,52-Week,52000000000,null,3.140000
2026-07-09,2026-07-07,2026-07-09,2026-08-20,Bill,6-Week,90000000000,null,2.740000
2026-07-09,2026-07-06,2026-07-09,2027-01-07,Bill,26-Week,79000000000,null,3.050000
2026-07-09,2026-07-06,2026-07-09,2026-10-08,Bill,13-Week,92000000000,null,2.580000
2026-07-14,2026-07-09,2026-07-14,2026-08-11,Bill,4-Week,100000000000,null,2.640000
2026-07-14,2026-07-09,2026-07-14,2026-09-08,Bill,8-Week,95000000000,null,2.950000
2026-07-14,2026-07-08,2026-07-14,2026-11-10,Bill,17-Week,72000000000,null,3.410000
2026-07-15,2026-07-09,2026-07-15,2056-05-15,Bond,29-Year 10-Month,22000000000,5.0580,2.440000
2026-07-15,2026-07-08,2026-07-15,2036-05-15,Note,9-Year 10-Month,39000000000,4.5800,2.590000
2026-07-15,2026-07-07,2026-07-15,2029-07-15,Note,3-Year,58000000000,4.1790,2.600000
2026-07-16,2026-07-14,2026-07-16,2026-08-27,Bill,6-Week,95000000000,null,2.840000
2026-07-16,2026-07-13,2026-07-16,2027-01-14,Bill,26-Week,79000000000,null,3.110000
2026-07-16,2026-07-13,2026-07-16,2026-10-15,Bill,13-Week,92000000000,null,2.840000
2026-07-21,2026-07-16,2026-07-21,2026-08-18,Bill,4-Week,110000000000,null,2.570000
2026-07-21,2026-07-16,2026-07-21,2026-09-15,Bill,8-Week,100000000000,null,2.840000
2026-07-21,2026-07-15,2026-07-21,2026-11-17,Bill,17-Week,72000000000,null,3.350000
2026-07-23,2026-07-21,2026-07-23,2026-09-03,Bill,6-Week,95000000000,null,2.790000
2026-07-23,2026-07-20,2026-07-23,2027-01-21,Bill,26-Week,79000000000,null,2.940000
2026-07-23,2026-07-20,2026-07-23,2026-10-22,Bill,13-Week,92000000000,null,3.000000
2026-07-24,2026-07-22,2026-07-24,2046-05-15,Bond,19-Year 10-Month,13000000000,5.1630,2.640000
2026-07-28,2026-07-23,2026-07-28,2026-09-22,Bill,8-Week,100000000000,null,2.310000
2026-07-28,2026-07-23,2026-07-28,2026-08-25,Bill,4-Week,110000000000,null,2.790000
2026-07-28,2026-07-22,2026-07-28,2026-11-24,Bill,17-Week,72000000000,null,2.760000
2026-07-30,2026-07-28,2026-07-30,2026-09-10,Bill,6-Week,95000000000,null,2.930000
2026-07-30,2026-07-27,2026-07-30,2026-10-29,Bill,13-Week,92000000000,null,3.060000
2026-07-30,2026-07-27,2026-07-30,2027-01-28,Bill,26-Week,79000000000,null,3.120000
2026-07-31,2026-07-29,2026-07-31,2028-07-31,Note,2-Year,30000000000,null,3.370000
2026-07-31,2026-07-28,2026-07-31,2033-07-31,Note,7-Year,44000000000,4.4730,2.490000
2026-07-31,2026-07-27,2026-07-31,2028-07-31,Note,2-Year,69000000000,4.3150,2.660000
2026-07-31,2026-07-27,2026-07-31,2031-07-31,Note,5-Year,70000000000,4.4080,2.280000
2026-07-31,2026-07-23,2026-07-31,2036-07-15,Note,10-Year,21000000000,2.4380,2.300000
2026-08-04,2026-07-30,2026-08-04,2026-09-29,Bill,8-Week,100000000000,null,2.740000
2026-08-04,2026-07-30,2026-08-04,2026-09-01,Bill,4-Week,110000000000,null,2.800000
2026-08-04,2026-07-29,2026-08-04,2026-12-01,Bill,17-Week,72000000000,null,3.040000
2026-08-06,2026-08-04,2026-08-06,2027-08-05,Bill,52-Week,52000000000,null,3.620000
2026-08-06,2026-08-04,2026-08-06,2026-09-17,Bill,6-Week,95000000000,null,2.930000
2026-08-06,2026-08-03,2026-08-06,2027-02-04,Bill,26-Week,79000000000,null,2.980000
2026-08-06,2026-08-03,2026-08-06,2026-11-05,Bill,13-Week,92000000000,null,2.610000
2026-08-11,2026-08-06,2026-08-11,2026-09-08,Bill,4-Week,110000000000,null,2.680000
2026-08-11,2026-08-06,2026-08-11,2026-10-06,Bill,8-Week,100000000000,null,2.740000
2026-08-11,2026-08-05,2026-08-11,2026-12-08,Bill,17-Week,72000000000,null,3.190000
2026-08-13,2026-08-11,2026-08-13,2026-09-24,Bill,6-Week,95000000000,null,2.930000
2026-08-13,2026-08-10,2026-08-13,2026-11-12,Bill,13-Week,92000000000,null,2.880000
2026-08-13,2026-08-10,2026-08-13,2027-02-11,Bill,26-Week,79000000000,null,2.850000
2026-08-17,2026-08-13,2026-08-17,2056-08-15,Bond,30-Year,25000000000,5.2160,2.390000
2026-08-17,2026-08-12,2026-08-17,2036-08-15,Note,10-Year,42000000000,4.6830,2.530000
2026-08-17,2026-08-11,2026-08-17,2029-08-15,Note,3-Year,58000000000,4.2910,2.710000
2026-08-18,2026-08-13,2026-08-18,2026-10-13,Bill,8-Week,100000000000,null,2.850000
2026-08-18,2026-08-13,2026-08-18,2026-09-15,Bill,4-Week,110000000000,null,2.770000
2026-08-18,2026-08-12,2026-08-18,2026-12-15,Bill,17-Week,72000000000,null,3.160000
2026-08-20,2026-08-18,2026-08-20,2026-10-01,Bill,6-Week,95000000000,null,2.970000
2026-08-20,2026-08-17,2026-08-20,2027-02-18,Bill,26-Week,79000000000,null,2.970000
2026-08-20,2026-08-17,2026-08-20,2026-11-19,Bill,13-Week,92000000000,null,2.860000
2026-08-25,2026-08-20,2026-08-25,2026-09-22,Bill,4-Week,110000000000,null,2.840000
2026-08-25,2026-08-20,2026-08-25,2026-10-20,Bill,8-Week,100000000000,null,3.060000
2026-08-25,2026-08-19,2026-08-25,2026-12-22,Bill,17-Week,72000000000,null,3.350000
2026-08-27,2026-08-25,2026-08-27,2026-10-08,Bill,6-Week,95000000000,null,2.710000
2026-08-27,2026-08-24,2026-08-27,2027-02-25,Bill,26-Week,79000000000,null,3.050000
2026-08-27,2026-08-24,2026-08-27,2026-11-27,Bill,13-Week,92000000000,null,3.080000
2026-08-28,2026-08-26,2026-08-28,2028-07-31,Note,1-Year 11-Month,28000000000,null,3.140000
2026-08-31,2026-08-27,2026-08-31,2033-08-31,Note,7-Year,44000000000,4.5120,2.500000
2026-08-31,2026-08-26,2026-08-31,2031-08-31,Note,5-Year,70000000000,4.3930,2.370000
2026-08-31,2026-08-25,2026-08-31,2028-08-31,Note,2-Year,69000000000,4.2040,2.600000
2026-08-31,2026-08-20,2026-08-31,2056-02-15,Bond,29-Year 6-Month,8000000000,2.9730,2.820000
2026-08-31,2026-08-19,2026-08-31,2046-08-15,Bond,20-Year,16000000000,5.2040,2.530000
2026-09-01,2026-08-27,2026-09-01,2026-09-29,Bill,4-Week,100000000000,null,2.730000
2026-09-01,2026-08-27,2026-09-01,2026-10-27,Bill,8-Week,90000000000,null,2.770000
2026-09-01,2026-08-26,2026-09-01,2026-12-29,Bill,17-Week,72000000000,null,3.090000
2026-09-03,2026-09-01,2026-09-03,2026-10-15,Bill,6-Week,85000000000,null,2.850000
2026-09-03,2026-09-01,2026-09-03,2027-09-02,Bill,52-Week,52000000000,null,3.610000
2026-09-03,2026-08-31,2026-09-03,2026-12-03,Bill,13-Week,92000000000,null,2.770000
2026-09-03,2026-08-31,2026-09-03,2027-03-04,Bill,26-Week,79000000000,null,2.630000
2026-09-08,2026-09-03,2026-09-08,2026-10-06,Bill,4-Week,90000000000,null,2.970000
2026-09-08,2026-09-03,2026-09-08,2026-11-03,Bill,8-Week,85000000000,null,3.020000
2026-09-08,2026-09-02,2026-09-08,2027-01-05,Bill,17-Week,72000000000,null,2.780000
2026-09-10,2026-09-08,2026-09-10,2026-10-22,Bill,6-Week,75000000000,null,2.930000
2026-09-10,2026-09-08,2026-09-10,2027-03-11,Bill,26-Week,79000000000,null,2.880000
2026-09-10,2026-09-08,2026-09-10,2026-12-10,Bill,13-Week,92000000000,null,2.610000
2026-09-15,2026-09-10,2026-09-15,2056-08-15,Bond,29-Year 11-Month,22000000000,5.3080,2.610000
2026-09-15,2026-09-10,2026-09-15,2026-11-10,Bill,8-Week,85000000000,null,2.820000
2026-09-15,2026-09-10,2026-09-15,2026-10-13,Bill,4-Week,90000000000,null,2.810000
2026-09-15,2026-09-09,2026-09-15,2036-08-15,Note,9-Year 11-Month,39000000000,4.8340,2.710000
2026-09-15,2026-09-09,2026-09-15,2027-01-12,Bill,17-Week,72000000000,null,2.730000
2026-09-15,2026-09-08,2026-09-15,2029-09-15,Note,3-Year,58000000000,4.4740,2.720000
2026-09-17,2026-09-15,2026-09-17,2026-10-29,Bill,6-Week,75000000000,null,3.160000
2026-09-17,2026-09-14,2026-09-17,2027-03-18,Bill,26-Week,79000000000,null,2.740000
2026-09-17,2026-09-14,2026-09-17,2026-12-17,Bill,13-Week,92000000000,null,2.640000
2026-09-18,2026-09-15,2026-09-18,2046-08-15,Bond,19-Year 11-Month,13000000000,5.4200,2.570000
2026-09-22,2026-09-17,2026-09-22,2026-10-20,Bill,4-Week,90000000000,null,3.020000
2026-09-22,2026-09-17,2026-09-22,2026-11-17,Bill,8-Week,85000000000,null,2.940000
2026-09-22,2026-09-16,2026-09-22,2027-01-19,Bill,17-Week,72000000000,null,2.720000
2026-09-24,2026-09-22,2026-09-24,2026-11-05,Bill,6-Week,75000000000,null,3.030000
2026-09-24,2026-09-21,2026-09-24,2026-12-24,Bill,13-Week,92000000000,null,2.770000
2026-09-24,2026-09-21,2026-09-24,2027-03-25,Bill,26-Week,79000000000,null,2.620000
2026-09-25,2026-09-23,2026-09-25,2028-07-31,Note,1-Year 10-Month,28000000000,null,2.630000
2026-09-29,2026-09-24,2026-09-29,2026-11-24,Bill,8-Week,85000000000,null,2.760000
2026-09-29,2026-09-24,2026-09-29,2026-10-27,Bill,4-Week,90000000000,null,2.610000
2026-09-29,2026-09-23,2026-09-29,2027-01-26,Bill,17-Week,72000000000,null,2.810000
2026-09-30,2026-09-24,2026-09-30,2033-09-30,Note,7-Year,44000000000,5.0850,2.420000
2026-09-30,2026-09-23,2026-09-30,2031-09-30,Note,5-Year,70000000000,5.0330,2.210000
2026-09-30,2026-09-22,2026-09-30,2028-09-30,Note,2-Year,69000000000,4.7870,2.630000
2026-09-30,2026-09-17,2026-09-30,2036-07-15,Note,9-Year 10-Month,19000000000,2.6530,2.240000
2026-10-01,2026-09-29,2026-10-01,2027-09-30,Bill,52-Week,54000000000,null,3.070000
2026-10-01,2026-09-29,2026-10-01,2026-11-12,Bill,6-Week,85000000000,null,2.820000
2026-10-01,2026-09-28,2026-10-01,2027-04-01,Bill,26-Week,82000000000,null,2.640000
2026-10-01,2026-09-28,2026-10-01,2026-12-31,Bill,13-Week,95000000000,null,2.990000
2026-10-06,2026-10-01,2026-10-06,2026-11-03,Bill,4-Week,100000000000,null,2.830000
2026-10-06,2026-10-01,2026-10-06,2026-12-01,Bill,8-Week,95000000000,null,2.700000
2026-10-06,2026-09-30,2026-10-06,2027-02-02,Bill,17-Week,75000000000,null,2.890000
2026-10-08,2026-10-06,2026-10-08,2026-11-19,Bill,6-Week,95000000000,null,null
2026-10-08,2026-10-05,2026-10-08,2027-04-08,Bill,26-Week,82000000000,null,null
2026-10-08,2026-10-05,2026-10-08,2027-01-07,Bill,13-Week,95000000000,null,null
2026-10-15,2026-10-08,2026-10-15,2056-08-15,Bond,29-Year 10-Month,22000000000,null,null
2026-10-15,2026-10-07,2026-10-15,2036-08-15,Note,9-Year 10-Month,39000000000,null,null
2026-10-15,2026-10-06,2026-10-15,2029-10-15,Note,3-Year,58000000000,null,null
