indicateur,pays,periode,niveau,mesure,unite
Production industrielle,Zone euro,2026-07,98.3,-0.2,% sur 12 mois
Production industrielle,Allemagne,2026-07,90.5,-2.16,% sur 12 mois
Production industrielle,France,2026-07,103.1,-0.58,% sur 12 mois
Production industrielle,Italie,2026-07,94.2,-0.11,% sur 12 mois
Production industrielle,Espagne,2026-07,104.6,2.25,% sur 12 mois
Ventes de detail,Zone euro,2026-07,104.2,0.77,% sur 12 mois
Ventes de detail,Allemagne,2026-07,98.4,-2.38,% sur 12 mois
Ventes de detail,France,2026-07,109.7,3.39,% sur 12 mois
Ventes de detail,Italie,2026-07,97.6,-0.31,% sur 12 mois
Ventes de detail,Espagne,2026-07,111.5,-0.36,% sur 12 mois
Taux de chomage,Zone euro,2026-07,6.4,0.1,pt sur 12 mois
Taux de chomage,Allemagne,2026-07,4.0,0.2,pt sur 12 mois
Taux de chomage,France,2026-07,8.3,0.6,pt sur 12 mois
Taux de chomage,Italie,2026-07,5.8,-0.1,pt sur 12 mois
Taux de chomage,Espagne,2026-07,10.0,-0.6,pt sur 12 mois
Confiance industrielle,Zone euro,2026-09,-3.8,2.66,pt vs moyenne longue
Confiance industrielle,Allemagne,2026-09,-8.2,-0.67,pt vs moyenne longue
Confiance industrielle,France,2026-09,-5.2,1.71,pt vs moyenne longue
Confiance industrielle,Italie,2026-09,-3.2,2.68,pt vs moyenne longue
Confiance industrielle,Espagne,2026-09,-1.0,6.6,pt vs moyenne longue
