date,rendement_sp500,variation_vix,distance_mahalanobis,anomalie
2026-09-08,-0.00586,1.19,0.831,False
2026-09-09,-0.00485,0.74,0.695,False
2026-09-10,-0.00587,1.38,0.895,False
2026-09-11,0.00856,-2.0,1.297,False
2026-09-14,-0.00484,1.26,0.805,False
2026-09-15,-0.0045,0.1,1.01,False
2026-09-16,-0.00448,0.51,0.698,False
2026-09-17,0.01132,-2.27,1.471,False
2026-09-18,0.00167,-0.63,0.532,False
2026-09-21,0.01482,0.06,3.081,True
2026-09-24,-0.00025,0.49,0.421,False
2026-09-25,0.00471,-0.67,0.502,False
