date,lags,VIX_cause_SP500,SP500_cause_VIX
2026-09-08,5,0.07775,0.00426
2026-09-09,5,0.07784,0.00426
2026-09-10,5,0.07851,0.00436
2026-09-11,5,0.07822,0.00453
2026-09-14,5,0.0775,0.00456
2026-09-15,5,0.07762,0.00456
2026-09-16,5,0.07762,0.00458
2026-09-17,5,0.07835,0.00458
2026-09-18,5,0.07842,0.00451
2026-09-21,5,0.07928,0.00454
2026-09-24,5,0.08209,0.00452
2026-09-25,5,0.07637,0.00433
2026-09-28,5,0.07556,0.00416
2026-09-29,5,0.07558,0.00416
2026-09-30,5,0.07518,0.00418
2026-10-01,5,0.0752,0.00423
2026-10-02,5,0.07502,0.00426
2026-10-05,5,0.07531,0.00426
2026-10-06,5,0.07468,0.00426
2026-10-07,5,0.07455,0.00427
