date,horizon,echeance,n_reunions_incluses,taux_implicite_pct,mouvement_implicite_pb,lecture,methode,confiance,limite
2026-09-17,0-1 mois,2026-10-17,0,3.93,30.0,hausse,forward_treasury_proxy,faible,mouvement net de fenetre; aucune probabilite isolee par reunion
2026-09-17,1-3 mois,2026-12-17,2,4.2,57.0,hausse,forward_treasury_proxy,faible,mouvement net de fenetre; aucune probabilite isolee par reunion
2026-09-17,3-6 mois,2027-03-18,5,4.23,60.0,hausse,forward_treasury_proxy,faible,mouvement net de fenetre; aucune probabilite isolee par reunion
2026-09-17,6-12 mois,2027-09-17,9,4.61,98.0,hausse,forward_treasury_proxy,faible,mouvement net de fenetre; aucune probabilite isolee par reunion
2026-09-18,0-1 mois,2026-10-18,0,3.97,9.0,hausse,forward_treasury_proxy,faible,mouvement net de fenetre; aucune probabilite isolee par reunion
2026-09-18,1-3 mois,2026-12-18,2,4.225,34.5,hausse,forward_treasury_proxy,faible,mouvement net de fenetre; aucune probabilite isolee par reunion
2026-09-18,3-6 mois,2027-03-19,5,4.34,46.0,hausse,forward_treasury_proxy,faible,mouvement net de fenetre; aucune probabilite isolee par reunion
2026-09-18,6-12 mois,2027-09-18,9,4.64,76.0,hausse,forward_treasury_proxy,faible,mouvement net de fenetre; aucune probabilite isolee par reunion
2026-09-21,0-1 mois,2026-10-21,0,3.97,9.0,hausse,forward_treasury_proxy,faible,mouvement net de fenetre; aucune probabilite isolee par reunion
2026-09-21,1-3 mois,2026-12-21,2,4.195,31.5,hausse,forward_treasury_proxy,faible,mouvement net de fenetre; aucune probabilite isolee par reunion
2026-09-21,3-6 mois,2027-03-22,5,4.28,40.0,hausse,forward_treasury_proxy,faible,mouvement net de fenetre; aucune probabilite isolee par reunion
2026-09-21,6-12 mois,2027-09-21,9,4.6,72.0,hausse,forward_treasury_proxy,faible,mouvement net de fenetre; aucune probabilite isolee par reunion
2026-09-22,0-1 mois,2026-10-22,0,3.97,9.0,hausse,forward_treasury_proxy,faible,mouvement net de fenetre; aucune probabilite isolee par reunion
2026-09-22,1-3 mois,2026-12-22,2,4.225,34.5,hausse,forward_treasury_proxy,faible,mouvement net de fenetre; aucune probabilite isolee par reunion
2026-09-22,3-6 mois,2027-03-23,5,4.34,46.0,hausse,forward_treasury_proxy,faible,mouvement net de fenetre; aucune probabilite isolee par reunion
2026-09-22,6-12 mois,2027-09-22,9,4.64,76.0,hausse,forward_treasury_proxy,faible,mouvement net de fenetre; aucune probabilite isolee par reunion
2026-09-23,0-1 mois,2026-10-23,0,3.99,11.0,hausse,forward_treasury_proxy,faible,mouvement net de fenetre; aucune probabilite isolee par reunion
2026-09-23,1-3 mois,2026-12-23,2,4.29,41.0,hausse,forward_treasury_proxy,faible,mouvement net de fenetre; aucune probabilite isolee par reunion
2026-09-23,3-6 mois,2027-03-24,5,4.43,55.0,hausse,forward_treasury_proxy,faible,mouvement net de fenetre; aucune probabilite isolee par reunion
2026-09-23,6-12 mois,2027-09-23,9,4.67,79.0,hausse,forward_treasury_proxy,faible,mouvement net de fenetre; aucune probabilite isolee par reunion
2026-09-24,0-1 mois,2026-10-24,0,4.01,13.0,hausse,forward_treasury_proxy,faible,mouvement net de fenetre; aucune probabilite isolee par reunion
2026-09-24,1-3 mois,2026-12-24,2,4.355,47.5,hausse,forward_treasury_proxy,faible,mouvement net de fenetre; aucune probabilite isolee par reunion
2026-09-24,3-6 mois,2027-03-25,5,4.44,56.0,hausse,forward_treasury_proxy,faible,mouvement net de fenetre; aucune probabilite isolee par reunion
2026-09-24,6-12 mois,2027-09-24,9,4.68,80.0,hausse,forward_treasury_proxy,faible,mouvement net de fenetre; aucune probabilite isolee par reunion
2026-09-25,0-1 mois,2026-10-25,0,4.04,16.0,hausse,forward_treasury_proxy,faible,mouvement net de fenetre; aucune probabilite isolee par reunion
2026-09-25,1-3 mois,2026-12-25,2,4.34,46.0,hausse,forward_treasury_proxy,faible,mouvement net de fenetre; aucune probabilite isolee par reunion
2026-09-25,3-6 mois,2027-03-26,5,4.42,54.0,hausse,forward_treasury_proxy,faible,mouvement net de fenetre; aucune probabilite isolee par reunion
2026-09-25,6-12 mois,2027-09-25,9,4.67,79.0,hausse,forward_treasury_proxy,faible,mouvement net de fenetre; aucune probabilite isolee par reunion
2026-09-28,0-1 mois,2026-10-28,1,4.04,16.0,hausse,forward_treasury_proxy,faible,mouvement net de fenetre; aucune probabilite isolee par reunion
2026-09-28,1-3 mois,2026-12-28,2,4.4,52.0,hausse,forward_treasury_proxy,faible,mouvement net de fenetre; aucune probabilite isolee par reunion
2026-09-28,3-6 mois,2027-03-29,5,4.54,66.0,hausse,forward_treasury_proxy,faible,mouvement net de fenetre; aucune probabilite isolee par reunion
2026-09-28,6-12 mois,2027-09-28,9,4.77,89.0,hausse,forward_treasury_proxy,faible,mouvement net de fenetre; aucune probabilite isolee par reunion
2026-09-29,0-1 mois,2026-10-29,1,4.04,16.0,hausse,forward_treasury_proxy,faible,mouvement net de fenetre; aucune probabilite isolee par reunion
2026-09-29,1-3 mois,2026-12-29,2,4.355,47.5,hausse,forward_treasury_proxy,faible,mouvement net de fenetre; aucune probabilite isolee par reunion
2026-09-29,3-6 mois,2027-03-30,5,4.47,59.0,hausse,forward_treasury_proxy,faible,mouvement net de fenetre; aucune probabilite isolee par reunion
2026-09-29,6-12 mois,2027-09-29,9,4.8,92.0,hausse,forward_treasury_proxy,faible,mouvement net de fenetre; aucune probabilite isolee par reunion
2026-09-30,0-1 mois,2026-10-30,1,4.02,14.0,hausse,forward_treasury_proxy,faible,mouvement net de fenetre; aucune probabilite isolee par reunion
2026-09-30,1-3 mois,2026-12-30,2,4.29,41.0,hausse,forward_treasury_proxy,faible,mouvement net de fenetre; aucune probabilite isolee par reunion
2026-09-30,3-6 mois,2027-03-31,5,4.46,58.0,hausse,forward_treasury_proxy,faible,mouvement net de fenetre; aucune probabilite isolee par reunion
2026-09-30,6-12 mois,2027-09-30,9,4.75,87.0,hausse,forward_treasury_proxy,faible,mouvement net de fenetre; aucune probabilite isolee par reunion
2026-10-01,mois_en_cours,2026-10-27,1,3.945,50.4,hausse,futures_fed_funds_front,moyenne,contrat continu; estimation seulement si la reunion tombe ce mois
2026-10-01,0-1 mois,2026-10-31,1,4.06,18.0,hausse,forward_treasury_proxy,faible,mouvement net de fenetre; aucune probabilite isolee par reunion
2026-10-01,1-3 mois,2026-12-31,2,4.225,34.5,hausse,forward_treasury_proxy,faible,mouvement net de fenetre; aucune probabilite isolee par reunion
2026-10-01,3-6 mois,2027-04-01,5,4.37,49.0,hausse,forward_treasury_proxy,faible,mouvement net de fenetre; aucune probabilite isolee par reunion
2026-10-01,6-12 mois,2027-10-01,9,4.61,73.0,hausse,forward_treasury_proxy,faible,mouvement net de fenetre; aucune probabilite isolee par reunion
2026-10-02,mois_en_cours,2026-10-27,1,3.925,34.9,hausse,futures_fed_funds_front,moyenne,contrat continu; estimation seulement si la reunion tombe ce mois
2026-10-02,0-1 mois,2026-11-01,1,4.04,16.0,hausse,forward_treasury_proxy,faible,mouvement net de fenetre; aucune probabilite isolee par reunion
2026-10-02,1-3 mois,2027-01-01,2,4.265,38.5,hausse,forward_treasury_proxy,faible,mouvement net de fenetre; aucune probabilite isolee par reunion
2026-10-02,3-6 mois,2027-04-02,5,4.35,47.0,hausse,forward_treasury_proxy,faible,mouvement net de fenetre; aucune probabilite isolee par reunion
2026-10-02,6-12 mois,2027-10-02,9,4.65,77.0,hausse,forward_treasury_proxy,faible,mouvement net de fenetre; aucune probabilite isolee par reunion
2026-10-05,mois_en_cours,2026-10-27,1,3.925,34.9,hausse,futures_fed_funds_front,moyenne,contrat continu; estimation seulement si la reunion tombe ce mois
2026-10-05,0-1 mois,2026-11-04,1,4.05,17.0,hausse,forward_treasury_proxy,faible,mouvement net de fenetre; aucune probabilite isolee par reunion
2026-10-05,1-3 mois,2027-01-04,2,4.305,42.5,hausse,forward_treasury_proxy,faible,mouvement net de fenetre; aucune probabilite isolee par reunion
2026-10-05,3-6 mois,2027-04-05,5,4.38,50.0,hausse,forward_treasury_proxy,faible,mouvement net de fenetre; aucune probabilite isolee par reunion
2026-10-05,6-12 mois,2027-10-05,9,4.64,76.0,hausse,forward_treasury_proxy,faible,mouvement net de fenetre; aucune probabilite isolee par reunion
2026-10-06,mois_en_cours,2026-10-27,1,3.882,1.9,statu quo,futures_fed_funds_front,moyenne,contrat continu; estimation seulement si la reunion tombe ce mois
2026-10-06,0-1 mois,2026-11-05,1,4.06,18.0,hausse,forward_treasury_proxy,faible,mouvement net de fenetre; aucune probabilite isolee par reunion
2026-10-06,1-3 mois,2027-01-05,2,4.285,40.5,hausse,forward_treasury_proxy,faible,mouvement net de fenetre; aucune probabilite isolee par reunion
2026-10-06,3-6 mois,2027-04-06,5,4.35,47.0,hausse,forward_treasury_proxy,faible,mouvement net de fenetre; aucune probabilite isolee par reunion
2026-10-06,6-12 mois,2027-10-06,9,4.64,76.0,hausse,forward_treasury_proxy,faible,mouvement net de fenetre; aucune probabilite isolee par reunion
2026-10-07,mois_en_cours,2026-10-27,1,3.93,38.8,hausse,futures_fed_funds_front,moyenne,contrat continu; estimation seulement si la reunion tombe ce mois
2026-10-07,0-1 mois,2026-11-06,1,4.07,19.0,hausse,forward_treasury_proxy,faible,mouvement net de fenetre; aucune probabilite isolee par reunion
2026-10-07,1-3 mois,2027-01-06,2,4.295,41.5,hausse,forward_treasury_proxy,faible,mouvement net de fenetre; aucune probabilite isolee par reunion
2026-10-07,3-6 mois,2027-04-07,5,4.34,46.0,hausse,forward_treasury_proxy,faible,mouvement net de fenetre; aucune probabilite isolee par reunion
2026-10-07,6-12 mois,2027-10-07,9,4.56,68.0,hausse,forward_treasury_proxy,faible,mouvement net de fenetre; aucune probabilite isolee par reunion
