date,marche,cluster
2026-09-01,COPPER,3
2026-09-01,EUR_FX,3
2026-09-01,GBP_FX,3
2026-09-01,GOLD,1
2026-09-01,JPY_FX,2
2026-09-01,NASDAQ_MINI,3
2026-09-01,PALLADIUM,3
2026-09-01,PLATINUM,1
2026-09-01,RUSSELL_MINI,4
2026-09-01,SILVER,1
2026-09-01,SP500_EMINI,3
2026-09-01,USD_INDEX,3
2026-09-01,UST_10Y,2
2026-09-01,VIX_FUT,3
2026-09-01,WTI_CRUDE,3
2026-09-08,AUD_FX,3
2026-09-08,BRENT_CRUDE,3
2026-09-08,CAD_FX,3
2026-09-08,CHF_FX,3
2026-09-08,COPPER,3
2026-09-08,CORN,2
2026-09-08,EUR_FX,1
2026-09-08,FED_FUNDS,4
2026-09-08,GBP_FX,2
2026-09-08,GOLD,3
2026-09-08,JPY_FX,3
2026-09-08,MXN_FX,3
2026-09-08,NASDAQ_MINI,3
2026-09-08,NAT_GAS,2
2026-09-08,NZD_FX,3
2026-09-08,PALLADIUM,2
2026-09-08,PLATINUM,3
2026-09-08,RUSSELL_MINI,3
2026-09-08,SILVER,3
2026-09-08,SOFR_3M,2
2026-09-08,SOYBEANS,2
2026-09-08,SP500_EMINI,1
2026-09-08,USD_INDEX,3
2026-09-08,UST_10Y,3
2026-09-08,UST_2Y,3
2026-09-08,UST_5Y,3
2026-09-08,UST_BOND,3
2026-09-08,UST_ULTRA_10Y,3
2026-09-08,UST_ULTRA_BOND,3
2026-09-08,VIX_FUT,3
2026-09-08,WHEAT,3
2026-09-08,WTI_CRUDE,3
2026-09-15,AUD_FX,3
2026-09-15,BRENT_CRUDE,3
2026-09-15,CAD_FX,3
2026-09-15,CHF_FX,3
2026-09-15,COPPER,3
2026-09-15,CORN,2
2026-09-15,EUR_FX,1
2026-09-15,FED_FUNDS,4
2026-09-15,GBP_FX,2
2026-09-15,GOLD,3
2026-09-15,JPY_FX,3
2026-09-15,MXN_FX,3
2026-09-15,NASDAQ_MINI,3
2026-09-15,NAT_GAS,2
2026-09-15,NZD_FX,3
2026-09-15,PALLADIUM,2
2026-09-15,PLATINUM,3
2026-09-15,RUSSELL_MINI,3
2026-09-15,SILVER,3
2026-09-15,SOFR_3M,2
2026-09-15,SOYBEANS,2
2026-09-15,SP500_EMINI,1
2026-09-15,USD_INDEX,3
2026-09-15,UST_10Y,3
2026-09-15,UST_2Y,3
2026-09-15,UST_5Y,3
2026-09-15,UST_BOND,3
2026-09-15,UST_ULTRA_10Y,3
2026-09-15,UST_ULTRA_BOND,3
2026-09-15,VIX_FUT,3
2026-09-15,WHEAT,3
2026-09-15,WTI_CRUDE,3
2026-09-22,AUD_FX,2
2026-09-22,BRENT_CRUDE,2
2026-09-22,CAD_FX,2
2026-09-22,CHF_FX,2
2026-09-22,COPPER,2
2026-09-22,CORN,1
2026-09-22,EUR_FX,3
2026-09-22,FED_FUNDS,4
2026-09-22,GBP_FX,1
2026-09-22,GOLD,2
2026-09-22,JPY_FX,2
2026-09-22,MXN_FX,2
2026-09-22,NASDAQ_MINI,2
2026-09-22,NAT_GAS,1
2026-09-22,NZD_FX,2
2026-09-22,PALLADIUM,1
2026-09-22,PLATINUM,2
2026-09-22,RUSSELL_MINI,2
2026-09-22,SILVER,2
2026-09-22,SOFR_3M,1
2026-09-22,SOYBEANS,1
2026-09-22,SP500_EMINI,3
2026-09-22,USD_INDEX,2
2026-09-22,UST_10Y,2
2026-09-22,UST_2Y,2
2026-09-22,UST_5Y,2
2026-09-22,UST_BOND,4
2026-09-22,UST_ULTRA_10Y,2
2026-09-22,UST_ULTRA_BOND,2
2026-09-22,VIX_FUT,2
2026-09-22,WHEAT,2
2026-09-22,WTI_CRUDE,2
