date,secteur,stat_eg,p_valeur,cointegres
2026-09-08,XLK,-2.8117,0.162,False
2026-09-08,XLF,-1.9297,0.5649,False
2026-09-08,XLE,-2.2756,0.3858,False
2026-09-08,XLV,-2.4831,0.2866,False
2026-09-08,XLI,-1.965,0.5467,False
2026-09-08,XLY,-0.6186,0.9547,False
2026-09-08,XLP,-1.5386,0.7461,False
2026-09-08,XLU,-1.9934,0.532,False
2026-09-08,XLB,-2.0095,0.5236,False
2026-09-08,XLRE,-1.8977,0.5812,False
2026-09-09,XLK,-2.8012,0.1653,False
2026-09-09,XLF,-1.9609,0.5488,False
2026-09-09,XLE,-2.1953,0.4268,False
2026-09-09,XLV,-2.5302,0.2659,False
2026-09-09,XLI,-1.7947,0.6323,False
2026-09-09,XLY,-0.4852,0.9654,False
2026-09-09,XLP,-1.5419,0.7448,False
2026-09-09,XLU,-1.9098,0.575,False
2026-09-09,XLB,-1.9286,0.5654,False
2026-09-09,XLRE,-2.0476,0.5037,False
2026-09-10,XLK,-2.9016,0.1355,False
2026-09-10,XLF,-2.0154,0.5206,False
2026-09-10,XLE,-2.1248,0.4634,False
2026-09-10,XLV,-2.4347,0.3086,False
2026-09-10,XLI,-1.7847,0.6371,False
2026-09-10,XLY,-0.5152,0.9632,False
2026-09-10,XLP,-1.4917,0.7644,False
2026-09-10,XLU,-1.8387,0.6107,False
2026-09-10,XLB,-1.9334,0.563,False
2026-09-10,XLRE,-1.9531,0.5528,False
2026-09-11,XLK,-2.8734,0.1434,False
2026-09-11,XLF,-2.0436,0.5058,False
2026-09-11,XLE,-2.1292,0.4611,False
2026-09-11,XLV,-2.3989,0.3254,False
2026-09-11,XLI,-1.7877,0.6357,False
2026-09-11,XLY,-0.515,0.9632,False
2026-09-11,XLP,-1.4605,0.776,False
2026-09-11,XLU,-1.6982,0.6777,False
2026-09-11,XLB,-1.9499,0.5545,False
2026-09-11,XLRE,-1.9638,0.5474,False
2026-09-14,XLK,-2.8677,0.1451,False
2026-09-14,XLF,-2.0171,0.5197,False
2026-09-14,XLE,-2.1457,0.4525,False
2026-09-14,XLV,-2.5474,0.2586,False
2026-09-14,XLI,-1.6532,0.6979,False
2026-09-14,XLY,-0.5859,0.9576,False
2026-09-14,XLP,-1.5299,0.7496,False
2026-09-14,XLU,-1.615,0.7145,False
2026-09-14,XLB,-2.0375,0.509,False
2026-09-14,XLRE,-2.1049,0.4738,False
2026-09-15,XLK,-2.8553,0.1487,False
2026-09-15,XLF,-2.0224,0.5169,False
2026-09-15,XLE,-2.1185,0.4667,False
2026-09-15,XLV,-2.5622,0.2523,False
2026-09-15,XLI,-1.6356,0.7056,False
2026-09-15,XLY,-0.4011,0.9707,False
2026-09-15,XLP,-1.5009,0.7608,False
2026-09-15,XLU,-1.5062,0.7588,False
2026-09-15,XLB,-2.1127,0.4698,False
2026-09-15,XLRE,-2.1325,0.4594,False
2026-09-16,XLK,-2.8121,0.1619,False
2026-09-16,XLF,-1.975,0.5416,False
2026-09-16,XLE,-2.1858,0.4317,False
2026-09-16,XLV,-2.488,0.2844,False
2026-09-16,XLI,-1.7192,0.6681,False
2026-09-16,XLY,-0.3676,0.9725,False
2026-09-16,XLP,-1.5014,0.7606,False
2026-09-16,XLU,-1.5433,0.7442,False
2026-09-16,XLB,-2.0854,0.484,False
2026-09-16,XLRE,-2.0627,0.4959,False
2026-09-17,XLK,-2.7799,0.1722,False
2026-09-17,XLF,-1.9424,0.5584,False
2026-09-17,XLE,-2.216,0.4161,False
2026-09-17,XLV,-2.514,0.2729,False
2026-09-17,XLI,-1.5232,0.7522,False
2026-09-17,XLY,-0.3588,0.973,False
2026-09-17,XLP,-1.4303,0.7869,False
2026-09-17,XLU,-1.4931,0.7638,False
2026-09-17,XLB,-2.0744,0.4897,False
2026-09-17,XLRE,-2.0372,0.5092,False
2026-09-18,XLK,-2.7241,0.191,False
2026-09-18,XLF,-1.9475,0.5557,False
2026-09-18,XLE,-2.1772,0.4362,False
2026-09-18,XLV,-2.4205,0.3152,False
2026-09-18,XLI,-1.5583,0.7382,False
2026-09-18,XLY,-0.2752,0.977,False
2026-09-18,XLP,-1.3653,0.8091,False
2026-09-18,XLU,-1.2339,0.8488,False
2026-09-18,XLB,-1.9134,0.5732,False
2026-09-18,XLRE,-1.8273,0.6164,False
2026-09-21,XLK,-2.6666,0.2118,False
2026-09-21,XLF,-1.9188,0.5705,False
2026-09-21,XLE,-2.1756,0.437,False
2026-09-21,XLV,-2.334,0.3567,False
2026-09-21,XLI,-1.2438,0.8461,False
2026-09-21,XLY,-0.2035,0.9799,False
2026-09-21,XLP,-1.2336,0.8489,False
2026-09-21,XLU,-0.9358,0.9144,False
2026-09-21,XLB,-1.9136,0.5731,False
2026-09-21,XLRE,-1.81,0.6249,False
2026-09-24,XLK,-2.602,0.236,False
2026-09-24,XLF,-1.8678,0.5962,False
2026-09-24,XLE,-2.1478,0.4514,False
2026-09-24,XLV,-2.2926,0.3773,False
2026-09-24,XLI,-1.3139,0.8255,False
2026-09-24,XLY,-0.0594,0.9844,False
2026-09-24,XLP,-1.2687,0.839,False
2026-09-24,XLU,-0.5346,0.9618,False
2026-09-24,XLB,-2.1628,0.4436,False
2026-09-24,XLRE,-1.6546,0.6973,False
2026-09-25,XLK,-2.6227,0.2286,False
2026-09-25,XLF,-1.9044,0.5778,False
2026-09-25,XLE,-2.0874,0.483,False
2026-09-25,XLV,-2.3143,0.3664,False
2026-09-25,XLI,-1.3337,0.8193,False
2026-09-25,XLY,-0.0148,0.9856,False
2026-09-25,XLP,-1.1895,0.8606,False
2026-09-25,XLU,-0.4625,0.9669,False
2026-09-25,XLB,-2.1564,0.4469,False
2026-09-25,XLRE,-1.4682,0.7732,False
2026-09-28,XLK,-2.5374,0.2628,False
2026-09-28,XLF,-1.8514,0.6044,False
2026-09-28,XLE,-2.1451,0.4528,False
2026-09-28,XLV,-2.3952,0.3271,False
2026-09-28,XLI,-1.3635,0.8097,False
2026-09-28,XLY,0.0851,0.9877,False
2026-09-28,XLP,-1.2195,0.8527,False
2026-09-28,XLU,-0.5136,0.9634,False
2026-09-28,XLB,-2.1811,0.4341,False
2026-09-28,XLRE,-1.6158,0.7142,False
2026-09-29,XLK,-2.5102,0.2746,False
2026-09-29,XLF,-1.8331,0.6135,False
2026-09-29,XLE,-2.1416,0.4546,False
2026-09-29,XLV,-2.3975,0.326,False
2026-09-29,XLI,-1.4392,0.7837,False
2026-09-29,XLY,0.0363,0.9867,False
2026-09-29,XLP,-1.1968,0.8587,False
2026-09-29,XLU,-0.698,0.9469,False
2026-09-29,XLB,-2.1262,0.4627,False
2026-09-29,XLRE,-1.6182,0.7131,False
2026-09-30,XLK,-2.372,0.3382,False
2026-09-30,XLF,-1.7365,0.66,False
2026-09-30,XLE,-2.235,0.4064,False
2026-09-30,XLV,-2.4303,0.3106,False
2026-09-30,XLI,-1.2894,0.8329,False
2026-09-30,XLY,0.0419,0.9868,False
2026-09-30,XLP,-1.0685,0.8891,False
2026-09-30,XLU,-0.6932,0.9474,False
2026-09-30,XLB,-2.0425,0.5064,False
2026-09-30,XLRE,-1.5373,0.7466,False
2026-10-01,XLK,-2.2981,0.3745,False
2026-10-01,XLF,-1.7427,0.6571,False
2026-10-01,XLE,-2.2824,0.3824,False
2026-10-01,XLV,-2.2018,0.4234,False
2026-10-01,XLI,-1.1821,0.8625,False
2026-10-01,XLY,0.0844,0.9877,False
2026-10-01,XLP,-1.0098,0.901,False
2026-10-01,XLU,-0.7425,0.9419,False
2026-10-01,XLB,-1.8937,0.5832,False
2026-10-01,XLRE,-1.424,0.7892,False
2026-10-02,XLK,-2.3534,0.3472,False
2026-10-02,XLF,-1.7201,0.6677,False
2026-10-02,XLE,-2.3445,0.3516,False
2026-10-02,XLV,-2.1518,0.4493,False
2026-10-02,XLI,-1.1621,0.8675,False
2026-10-02,XLY,0.0281,0.9865,False
2026-10-02,XLP,-0.9853,0.9056,False
2026-10-02,XLU,-0.689,0.9478,False
2026-10-02,XLB,-1.8802,0.59,False
2026-10-02,XLRE,-1.303,0.8288,False
2026-10-05,XLK,-2.4499,0.3016,False
2026-10-05,XLF,-1.7494,0.654,False
2026-10-05,XLE,-2.4038,0.3231,False
2026-10-05,XLV,-2.1268,0.4624,False
2026-10-05,XLI,-1.0345,0.8961,False
2026-10-05,XLY,0.0814,0.9876,False
2026-10-05,XLP,-0.9774,0.907,False
2026-10-05,XLU,-0.5322,0.962,False
2026-10-05,XLB,-1.8895,0.5853,False
2026-10-05,XLRE,-1.0768,0.8873,False
2026-10-06,XLK,-2.5005,0.2788,False
2026-10-06,XLF,-1.7289,0.6636,False
2026-10-06,XLE,-2.4026,0.3236,False
2026-10-06,XLV,-2.1061,0.4732,False
2026-10-06,XLI,-1.0602,0.8908,False
2026-10-06,XLY,-0.008,0.9857,False
2026-10-06,XLP,-0.9985,0.9031,False
2026-10-06,XLU,-0.8296,0.9307,False
2026-10-06,XLB,-1.8708,0.5947,False
2026-10-06,XLRE,-1.1342,0.8743,False
2026-10-07,XLK,-2.493,0.2822,False
2026-10-07,XLF,-1.711,0.6719,False
2026-10-07,XLE,-2.2621,0.3926,False
2026-10-07,XLV,-2.1232,0.4642,False
2026-10-07,XLI,-0.8725,0.9245,False
2026-10-07,XLY,0.0018,0.9859,False
2026-10-07,XLP,-0.995,0.9038,False
2026-10-07,XLU,-0.8252,0.9313,False
2026-10-07,XLB,-1.766,0.6461,False
2026-10-07,XLRE,-0.9709,0.9082,False
2026-10-08,XLK,-2.52,0.2703,False
2026-10-08,XLF,-1.7111,0.6718,False
2026-10-08,XLE,-2.2887,0.3792,False
2026-10-08,XLV,-2.343,0.3523,False
2026-10-08,XLI,-0.6572,0.9511,False
2026-10-08,XLY,0.0305,0.9866,False
2026-10-08,XLP,-1.0709,0.8885,False
2026-10-08,XLU,-0.8352,0.9299,False
2026-10-08,XLB,-1.7753,0.6416,False
2026-10-08,XLRE,-0.9411,0.9135,False
