date,bloc_a,bloc_b,stat_eg,p_valeur,cointegrees
2026-09-07,Chine,Japon,-3.6335,0.0223,True
2026-09-07,Chine,Royaume-Uni,-2.4023,0.3237,False
2026-09-07,Chine,US,-1.9994,0.5289,False
2026-09-07,Chine,Zone_euro,-2.0632,0.4956,False
2026-09-07,Japon,Royaume-Uni,-1.9472,0.5559,False
2026-09-07,Japon,US,-0.6706,0.9497,False
2026-09-07,Japon,Zone_euro,-1.6272,0.7093,False
2026-09-07,Royaume-Uni,US,-1.8485,0.6059,False
2026-09-07,Royaume-Uni,Zone_euro,-2.2022,0.4232,False
2026-09-07,US,Zone_euro,-1.5964,0.7224,False
2026-09-08,Chine,Japon,-3.6335,0.0223,True
2026-09-08,Chine,Royaume-Uni,-2.4023,0.3237,False
2026-09-08,Chine,US,-1.9994,0.5289,False
2026-09-08,Chine,Zone_euro,-2.0632,0.4956,False
2026-09-08,Japon,Royaume-Uni,-1.9472,0.5559,False
2026-09-08,Japon,US,-0.6706,0.9497,False
2026-09-08,Japon,Zone_euro,-1.6272,0.7093,False
2026-09-08,Royaume-Uni,US,-1.8479,0.6062,False
2026-09-08,Royaume-Uni,Zone_euro,-2.2022,0.4232,False
2026-09-08,US,Zone_euro,-1.5969,0.7222,False
2026-09-09,Chine,Japon,-3.6335,0.0223,True
2026-09-09,Chine,Royaume-Uni,-2.4023,0.3237,False
2026-09-09,Chine,US,-1.9994,0.5289,False
2026-09-09,Chine,Zone_euro,-2.0632,0.4956,False
2026-09-09,Japon,Royaume-Uni,-1.9472,0.5559,False
2026-09-09,Japon,US,-0.6706,0.9497,False
2026-09-09,Japon,Zone_euro,-1.6272,0.7093,False
2026-09-09,Royaume-Uni,US,-1.8489,0.6057,False
2026-09-09,Royaume-Uni,Zone_euro,-2.2033,0.4227,False
2026-09-09,US,Zone_euro,-1.5975,0.7219,False
2026-09-10,Chine,Japon,-3.6335,0.0223,True
2026-09-10,Chine,Royaume-Uni,-2.4023,0.3237,False
2026-09-10,Chine,US,-1.9994,0.5289,False
2026-09-10,Chine,Zone_euro,-2.0632,0.4956,False
2026-09-10,Japon,Royaume-Uni,-1.9472,0.5559,False
2026-09-10,Japon,US,-0.6706,0.9497,False
2026-09-10,Japon,Zone_euro,-1.6272,0.7093,False
2026-09-10,Royaume-Uni,US,-1.8491,0.6056,False
2026-09-10,Royaume-Uni,Zone_euro,-2.2012,0.4237,False
2026-09-10,US,Zone_euro,-1.5993,0.7212,False
2026-09-11,Chine,Japon,-3.6335,0.0223,True
2026-09-11,Chine,Royaume-Uni,-2.4023,0.3237,False
2026-09-11,Chine,US,-1.9994,0.5289,False
2026-09-11,Chine,Zone_euro,-2.0632,0.4956,False
2026-09-11,Japon,Royaume-Uni,-1.9472,0.5559,False
2026-09-11,Japon,US,-0.6706,0.9497,False
2026-09-11,Japon,Zone_euro,-1.6272,0.7093,False
2026-09-11,Royaume-Uni,US,-1.8509,0.6047,False
2026-09-11,Royaume-Uni,Zone_euro,-2.2017,0.4235,False
2026-09-11,US,Zone_euro,-1.5995,0.7211,False
2026-09-14,Chine,Japon,-3.6969,0.0185,True
2026-09-14,Chine,Royaume-Uni,-2.417,0.3168,False
2026-09-14,Chine,US,-2.0133,0.5217,False
2026-09-14,Chine,Zone_euro,-2.1222,0.4647,False
2026-09-14,Japon,Royaume-Uni,-1.975,0.5415,False
2026-09-14,Japon,US,-0.4867,0.9653,False
2026-09-14,Japon,Zone_euro,-0.7754,0.9379,False
2026-09-14,Royaume-Uni,US,-1.8575,0.6014,False
2026-09-14,Royaume-Uni,Zone_euro,-2.2018,0.4234,False
2026-09-14,US,Zone_euro,-1.6007,0.7206,False
2026-09-15,Chine,Japon,-3.6969,0.0185,True
2026-09-15,Chine,Royaume-Uni,-2.417,0.3168,False
2026-09-15,Chine,US,-2.0133,0.5217,False
2026-09-15,Chine,Zone_euro,-2.1259,0.4628,False
2026-09-15,Japon,Royaume-Uni,-1.975,0.5415,False
2026-09-15,Japon,US,-0.4867,0.9653,False
2026-09-15,Japon,Zone_euro,-0.7129,0.9452,False
2026-09-15,Royaume-Uni,US,-1.8592,0.6006,False
2026-09-15,Royaume-Uni,Zone_euro,-2.2025,0.4231,False
2026-09-15,US,Zone_euro,-1.6016,0.7202,False
2026-09-16,Chine,Japon,-3.6969,0.0185,True
2026-09-16,Chine,Royaume-Uni,-2.417,0.3168,False
2026-09-16,Chine,US,-2.0133,0.5217,False
2026-09-16,Chine,Zone_euro,-2.1259,0.4628,False
2026-09-16,Japon,Royaume-Uni,-1.975,0.5415,False
2026-09-16,Japon,US,-0.4867,0.9653,False
2026-09-16,Japon,Zone_euro,-0.7129,0.9452,False
2026-09-16,Royaume-Uni,US,-1.8597,0.6003,False
2026-09-16,Royaume-Uni,Zone_euro,-2.2192,0.4145,False
2026-09-16,US,Zone_euro,-1.5632,0.7362,False
2026-09-17,Chine,Japon,-3.6969,0.0185,True
2026-09-17,Chine,Royaume-Uni,-2.417,0.3168,False
2026-09-17,Chine,US,-2.0335,0.5111,False
2026-09-17,Chine,Zone_euro,-2.1259,0.4628,False
2026-09-17,Japon,Royaume-Uni,-1.975,0.5415,False
2026-09-17,Japon,US,-0.3664,0.9726,False
2026-09-17,Japon,Zone_euro,-0.7129,0.9452,False
2026-09-17,Royaume-Uni,US,-1.9436,0.5578,False
2026-09-17,Royaume-Uni,Zone_euro,-2.2189,0.4146,False
2026-09-17,US,Zone_euro,-1.5951,0.7229,False
2026-09-18,Chine,Japon,-3.6969,0.0185,True
2026-09-18,Chine,Royaume-Uni,-2.417,0.3168,False
2026-09-18,Chine,US,-2.0335,0.5111,False
2026-09-18,Chine,Zone_euro,-2.1259,0.4628,False
2026-09-18,Japon,Royaume-Uni,-1.975,0.5415,False
2026-09-18,Japon,US,-0.3664,0.9726,False
2026-09-18,Japon,Zone_euro,-0.7129,0.9452,False
2026-09-18,Royaume-Uni,US,-1.9472,0.5559,False
2026-09-18,Royaume-Uni,Zone_euro,-2.2174,0.4154,False
2026-09-18,US,Zone_euro,-1.6008,0.7205,False
2026-09-23,Chine,Japon,-3.6969,0.0185,True
2026-09-23,Chine,Royaume-Uni,-2.417,0.3168,False
2026-09-23,Chine,US,-2.0335,0.5111,False
2026-09-23,Chine,Zone_euro,-2.1259,0.4628,False
2026-09-23,Japon,Royaume-Uni,-1.975,0.5415,False
2026-09-23,Japon,US,-0.3664,0.9726,False
2026-09-23,Japon,Zone_euro,-0.7129,0.9452,False
2026-09-23,Royaume-Uni,US,-1.9682,0.545,False
2026-09-23,Royaume-Uni,Zone_euro,-2.2144,0.4169,False
2026-09-23,US,Zone_euro,-1.6035,0.7194,False
2026-09-24,Chine,Japon,-3.6969,0.0185,True
2026-09-24,Chine,Royaume-Uni,-2.417,0.3168,False
2026-09-24,Chine,US,-2.0335,0.5111,False
2026-09-24,Chine,Zone_euro,-2.1259,0.4628,False
2026-09-24,Japon,Royaume-Uni,-1.975,0.5415,False
2026-09-24,Japon,US,-0.3664,0.9726,False
2026-09-24,Japon,Zone_euro,-0.7129,0.9452,False
2026-09-24,Royaume-Uni,US,-1.9783,0.5399,False
2026-09-24,Royaume-Uni,Zone_euro,-2.2116,0.4184,False
2026-09-24,US,Zone_euro,-1.6032,0.7195,False
2026-09-25,Chine,Japon,-3.6969,0.0185,True
2026-09-25,Chine,Royaume-Uni,-2.417,0.3168,False
2026-09-25,Chine,US,-2.0335,0.5111,False
2026-09-25,Chine,Zone_euro,-2.1259,0.4628,False
2026-09-25,Japon,Royaume-Uni,-1.975,0.5415,False
2026-09-25,Japon,US,-0.3664,0.9726,False
2026-09-25,Japon,Zone_euro,-0.7129,0.9452,False
2026-09-25,Royaume-Uni,US,-1.9798,0.5391,False
2026-09-25,Royaume-Uni,Zone_euro,-2.2113,0.4185,False
2026-09-25,US,Zone_euro,-1.6054,0.7186,False
2026-09-28,Chine,Japon,-3.6969,0.0185,True
2026-09-28,Chine,Royaume-Uni,-2.417,0.3168,False
2026-09-28,Chine,US,-2.0335,0.5111,False
2026-09-28,Chine,Zone_euro,-2.1259,0.4628,False
2026-09-28,Japon,Royaume-Uni,-1.975,0.5415,False
2026-09-28,Japon,US,-0.3664,0.9726,False
2026-09-28,Japon,Zone_euro,-0.7129,0.9452,False
2026-09-28,Royaume-Uni,US,-1.9877,0.5349,False
2026-09-28,Royaume-Uni,Zone_euro,-2.2118,0.4183,False
2026-09-28,US,Zone_euro,-1.609,0.7171,False
2026-09-29,Chine,Japon,-3.6969,0.0185,True
2026-09-29,Chine,Royaume-Uni,-2.417,0.3168,False
2026-09-29,Chine,US,-2.0335,0.5111,False
2026-09-29,Chine,Zone_euro,-2.1259,0.4628,False
2026-09-29,Japon,Royaume-Uni,-1.975,0.5415,False
2026-09-29,Japon,US,-0.3664,0.9726,False
2026-09-29,Japon,Zone_euro,-0.7129,0.9452,False
2026-09-29,Royaume-Uni,US,-1.9868,0.5354,False
2026-09-29,Royaume-Uni,Zone_euro,-2.2125,0.4179,False
2026-09-29,US,Zone_euro,-1.6076,0.7177,False
2026-09-30,Chine,Japon,-3.6969,0.0185,True
2026-09-30,Chine,Royaume-Uni,-2.1909,0.429,False
2026-09-30,Chine,US,-2.0335,0.5111,False
2026-09-30,Chine,Zone_euro,-2.1259,0.4628,False
2026-09-30,Japon,Royaume-Uni,-1.9716,0.5433,False
2026-09-30,Japon,US,-0.3664,0.9726,False
2026-09-30,Japon,Zone_euro,-0.7129,0.9452,False
2026-09-30,Royaume-Uni,US,-1.9873,0.5352,False
2026-09-30,Royaume-Uni,Zone_euro,-2.2128,0.4178,False
2026-09-30,US,Zone_euro,-1.6082,0.7174,False
2026-10-01,Chine,Japon,-3.6969,0.0185,True
2026-10-01,Chine,Royaume-Uni,-2.1909,0.429,False
2026-10-01,Chine,US,-2.0335,0.5111,False
2026-10-01,Chine,Zone_euro,-2.1259,0.4628,False
2026-10-01,Japon,Royaume-Uni,-1.9716,0.5433,False
2026-10-01,Japon,US,-0.3664,0.9726,False
2026-10-01,Japon,Zone_euro,-0.7129,0.9452,False
2026-10-01,Royaume-Uni,US,-1.9878,0.5349,False
2026-10-01,Royaume-Uni,Zone_euro,-2.212,0.4182,False
2026-10-01,US,Zone_euro,-1.6095,0.7169,False
2026-10-02,Chine,Japon,-3.6969,0.0185,True
2026-10-02,Chine,Royaume-Uni,-2.1909,0.429,False
2026-10-02,Chine,US,-2.0335,0.5111,False
2026-10-02,Chine,Zone_euro,-2.1259,0.4628,False
2026-10-02,Japon,Royaume-Uni,-1.9716,0.5433,False
2026-10-02,Japon,US,-0.3664,0.9726,False
2026-10-02,Japon,Zone_euro,-0.7129,0.9452,False
2026-10-02,Royaume-Uni,US,-1.9901,0.5337,False
2026-10-02,Royaume-Uni,Zone_euro,-2.212,0.4182,False
2026-10-02,US,Zone_euro,-1.6101,0.7166,False
2026-10-05,Chine,Japon,-3.6969,0.0185,True
2026-10-05,Chine,Royaume-Uni,-2.1909,0.429,False
2026-10-05,Chine,US,-2.0335,0.5111,False
2026-10-05,Chine,Zone_euro,-2.1259,0.4628,False
2026-10-05,Japon,Royaume-Uni,-1.9716,0.5433,False
2026-10-05,Japon,US,-0.3664,0.9726,False
2026-10-05,Japon,Zone_euro,-0.7129,0.9452,False
2026-10-05,Royaume-Uni,US,-1.9977,0.5298,False
2026-10-05,Royaume-Uni,Zone_euro,-2.2125,0.4179,False
2026-10-05,US,Zone_euro,-1.6112,0.7161,False
2026-10-06,Chine,Japon,-3.6969,0.0185,True
2026-10-06,Chine,Royaume-Uni,-2.1909,0.429,False
2026-10-06,Chine,US,-2.0335,0.5111,False
2026-10-06,Chine,Zone_euro,-2.1259,0.4628,False
2026-10-06,Japon,Royaume-Uni,-1.9716,0.5433,False
2026-10-06,Japon,US,-0.3664,0.9726,False
2026-10-06,Japon,Zone_euro,-0.7129,0.9452,False
2026-10-06,Royaume-Uni,US,-1.7984,0.6305,False
2026-10-06,Royaume-Uni,Zone_euro,-2.2125,0.4179,False
2026-10-06,US,Zone_euro,-1.6115,0.716,False
