date,indice_composite,n_composantes,taux_directeur,courbe_inversee,vix
2026-09-07,0.025,3,0.475,0.0966,-0.4965
2026-09-08,0.0365,3,0.4747,0.0955,-0.4607
2026-09-09,0.0718,3,0.4744,0.1113,-0.3704
2026-09-10,0.0909,3,0.4741,0.1272,-0.3285
2026-09-11,0.1049,3,0.4738,0.2251,-0.3842
2026-09-14,0.114,3,0.4729,0.241,-0.3718
2026-09-15,0.0374,3,0.4726,0.224,-0.5845
2026-09-16,0.0683,3,0.4723,0.3221,-0.5894
2026-09-17,0.0851,3,0.6011,0.3216,-0.6673
2026-09-18,0.0908,3,0.6007,0.3539,-0.6822
2026-09-23,0.0971,3,0.5989,0.336,-0.6437
