date,n_predictions,n_changements_position,cout_total_pct,rendement_cumule_brut_pct,rendement_cumule_net_pct
2026-09-08,7516,1508,52.96,-92.83,-96.63
2026-09-09,7516,1509,52.98,-92.76,-96.6
2026-09-10,7516,1510,53.01,-92.81,-96.62
2026-09-11,7516,1510,53.01,-92.82,-96.63
2026-09-14,7515,1510,53.01,-92.84,-96.63
2026-09-15,7516,1510,53.01,-92.81,-96.62
2026-09-16,7516,1510,53.01,-92.73,-96.58
2026-09-17,7516,1510,53.01,-92.82,-96.63
2026-09-18,7516,1510,53.01,-92.76,-96.6
2026-09-21,7515,1511,53.03,-92.88,-96.66
2026-09-24,7515,1512,53.05,-93.11,-96.77
2026-09-25,7516,1512,53.05,-93.11,-96.76
2026-09-28,7515,1512,53.05,-93.2,-96.81
2026-09-29,7516,1513,53.08,-93.19,-96.8
2026-09-30,7516,1513,53.08,-93.15,-96.79
2026-10-01,7516,1513,53.08,-93.18,-96.8
2026-10-02,7516,1513,53.08,-93.27,-96.84
