date,seuil_appris,sens,n_test,accuracy_stump,accuracy_baseline
2026-09-08,-1.53,False,2264,0.5473,0.549
2026-09-09,-1.53,False,2264,0.5473,0.549
2026-09-10,-1.53,False,2264,0.5468,0.5486
2026-09-11,-1.53,False,2263,0.5475,0.5493
2026-09-14,-1.53,False,2264,0.5477,0.549
2026-09-15,-1.53,False,2264,0.5473,0.5486
2026-09-16,-1.53,False,2264,0.5468,0.5481
2026-09-17,-1.53,False,2264,0.5468,0.5481
2026-09-18,-1.53,False,2264,0.5468,0.5486
2026-09-21,-1.53,False,2264,0.5468,0.5486
2026-09-24,-1.53,False,2264,0.5459,0.5477
2026-09-25,-1.53,False,2263,0.5457,0.5475
2026-09-28,-1.53,False,2264,0.5455,0.5473
2026-09-29,-1.53,False,2264,0.5455,0.5473
2026-09-30,-1.53,False,2264,0.5451,0.5468
2026-10-01,-1.53,False,2264,0.5451,0.5468
2026-10-02,-1.53,False,2263,0.5449,0.5466
2026-10-05,-1.53,False,2264,0.5451,0.5468
2026-10-06,-1.53,False,2264,0.5451,0.5468
