date,n_observations,n_jours_conjoints_extremes,p_observee,p_sous_independance,coefficient_dependance_queue
2026-09-08,7546,518,0.06865,0.01,6.86
2026-09-09,7546,518,0.06865,0.01,6.86
2026-09-10,7546,518,0.06865,0.01,6.86
2026-09-11,7544,518,0.06866,0.01,6.87
2026-09-14,7545,518,0.06865,0.01,6.87
2026-09-15,7546,518,0.06865,0.01,6.86
2026-09-16,7546,518,0.06865,0.01,6.86
2026-09-17,7546,518,0.06865,0.01,6.86
2026-09-18,7546,518,0.06865,0.01,6.86
2026-09-21,7545,518,0.06865,0.01,6.87
2026-09-24,7545,518,0.06865,0.01,6.87
2026-09-25,7544,518,0.06866,0.01,6.87
2026-09-28,7545,518,0.06865,0.01,6.87
2026-09-29,7546,518,0.06865,0.01,6.86
2026-09-30,7546,518,0.06865,0.01,6.86
2026-10-01,7546,518,0.06865,0.01,6.86
2026-10-02,7544,518,0.06866,0.01,6.87
2026-10-05,7545,518,0.06865,0.01,6.87
2026-10-06,7546,518,0.06865,0.01,6.86
2026-10-07,7546,518,0.06865,0.01,6.86
