date,z_stat_bns,saut_detecte,fenetre_jours
2026-09-08,0.062,False,22
2026-09-09,-0.455,False,22
2026-09-10,-0.496,False,22
2026-09-11,-0.474,False,22
2026-09-14,-0.62,False,22
2026-09-15,-0.903,False,22
2026-09-16,-0.887,False,22
2026-09-17,-0.298,False,22
2026-09-18,-0.668,False,22
2026-09-21,0.797,False,22
2026-09-24,-0.164,False,22
2026-09-25,1.336,False,22
2026-09-28,1.262,False,22
2026-09-29,0.97,False,22
2026-09-30,1.027,False,22
2026-10-01,1.24,False,22
2026-10-02,1.544,False,22
2026-10-05,1.726,False,22
2026-10-06,1.123,False,22
2026-10-07,1.19,False,22
2026-10-08,1.377,False,22
2026-10-09,1.489,False,22
