date,variation_prix_pct,cot_net_actuel,cot_net_reference,divergence_prix_hausse_cot_baisse
2026-09-08,-1.084,-75941.0,-17196.0,False
2026-09-09,-1.506,-75941.0,-17196.0,False
2026-09-10,-1.766,-75941.0,-17196.0,False
2026-09-11,-1.181,-76036.0,-27258.0,False
2026-09-14,-2.129,-76036.0,-27258.0,False
2026-09-15,-2.569,-76036.0,-27258.0,False
2026-09-16,-2.495,-76036.0,-27258.0,False
2026-09-17,-0.702,-76036.0,-27258.0,False
2026-09-18,-0.746,-100461.0,11280.0,False
2026-09-21,1.177,-100461.0,11280.0,True
2026-09-24,0.35,-100461.0,11280.0,True
2026-09-25,0.882,-133228.0,-10560.0,True
