date,vix_observe,vix_filtre_kalman,ecart_type_filtre,ratio_signal_bruit
2026-09-09,16.190001,16.108,0.624,0.20493
2026-09-10,16.48,16.459,0.624,0.2049
2026-09-11,17.209999,17.27,0.624,0.20486
2026-09-14,17.1,16.952,0.624,0.20518
2026-09-15,17.200001,17.163,0.624,0.20516
2026-09-16,17.610001,17.544,0.624,0.20515
2026-09-17,15.44,15.766,0.625,0.20526
2026-09-18,14.81,14.952,0.624,0.20509
2026-09-21,14.87,14.882,0.624,0.20506
2026-09-22,14.69,14.719,0.624,0.20506
2026-09-25,14.87,14.975,0.624,0.2051
2026-09-28,16.07,15.907,0.625,0.20517
2026-09-29,16.040001,16.02,0.625,0.20515
2026-09-30,16.34,16.292,0.624,0.20515
2026-10-01,16.389999,16.375,0.624,0.20514
2026-10-02,16.030001,16.081,0.624,0.20516
