date,vix_actuel,mu_niveau_moyen,theta,demi_vie_jours,ecart_a_la_moyenne
2026-09-09,16.190001,20.204,0.02403,28.8,-4.014
2026-09-10,16.48,20.206,0.02404,28.8,-3.726
2026-09-11,17.209999,20.212,0.02405,28.8,-3.002
2026-09-14,17.1,20.216,0.02406,28.8,-3.116
2026-09-15,17.200001,20.216,0.02406,28.8,-3.016
2026-09-16,17.610001,20.218,0.02406,28.8,-2.608
2026-09-17,15.44,20.204,0.02405,28.8,-4.764
2026-09-18,14.81,20.2,0.02404,28.8,-5.39
2026-09-21,14.87,20.198,0.02404,28.8,-5.328
2026-09-22,14.69,20.196,0.02403,28.8,-5.506
2026-09-25,14.87,20.198,0.02404,28.8,-5.328
2026-09-28,16.07,20.201,0.02404,28.8,-4.131
2026-09-29,16.040001,20.2,0.02404,28.8,-4.16
2026-09-30,15.83,20.199,0.02404,28.8,-4.369
