date,contrat,noncomm_net,zscore,extreme
2026-09-01,EUR_FX,-24925.0,-1.618,False
2026-09-01,GBP_FX,-49575.0,-0.51,False
2026-09-01,GOLD,228124.0,0.833,False
2026-09-01,JPY_FX,-92227.0,-1.105,False
2026-09-01,SP500_EMINI,-75941.0,0.563,False
2026-09-01,USD_INDEX,17025.0,1.78,False
2026-09-01,UST_10Y,-909275.0,-0.957,False
2026-09-01,VIX_FUT,-84185.0,-0.859,False
2026-09-01,WTI_CRUDE,129911.0,-0.085,False
2026-09-01,COPPER,80869.0,1.728,False
2026-09-01,NASDAQ_MINI,25890.0,0.307,False
2026-09-01,PALLADIUM,-4305.0,-0.304,False
2026-09-01,PLATINUM,15000.0,-0.344,False
2026-09-01,RUSSELL_MINI,-71663.0,-1.493,False
2026-09-01,SILVER,26739.0,-0.785,False
2026-09-08,AUD_FX,-34870.0,-0.143,False
2026-09-08,BRENT_CRUDE,-41836.0,-1.608,False
2026-09-08,CAD_FX,-70499.0,0.329,False
2026-09-08,CHF_FX,-29985.0,0.275,False
2026-09-08,COPPER,92476.0,2.24,True
2026-09-08,CORN,542999.0,2.562,True
2026-09-08,EUR_FX,-42616.0,-1.863,False
2026-09-08,FED_FUNDS,-83889.0,0.158,False
2026-09-08,GBP_FX,-58836.0,-0.717,False
2026-09-08,GOLD,231960.0,0.954,False
2026-09-08,JPY_FX,10796.0,-0.056,False
2026-09-08,MXN_FX,94732.0,1.29,False
2026-09-08,NASDAQ_MINI,20895.0,0.046,False
2026-09-08,NAT_GAS,-219767.0,-1.874,False
2026-09-08,NZD_FX,6232.0,2.084,True
2026-09-08,PALLADIUM,-3712.0,-0.141,False
2026-09-08,PLATINUM,15976.0,-0.123,False
2026-09-08,RUSSELL_MINI,-82835.0,-1.83,False
2026-09-08,SILVER,26049.0,-0.811,False
2026-09-08,SOFR_3M,-3103337.0,-2.39,True
2026-09-08,SOYBEANS,273424.0,1.758,False
2026-09-08,SP500_EMINI,-76036.0,0.629,False
2026-09-08,USD_INDEX,17604.0,1.835,False
2026-09-08,UST_10Y,-834783.0,-0.143,False
2026-09-08,UST_2Y,-929107.0,2.063,True
2026-09-08,UST_5Y,-1267493.0,1.565,False
2026-09-08,UST_BOND,-200517.0,-1.786,False
2026-09-08,UST_ULTRA_10Y,-189538.0,0.374,False
2026-09-08,UST_ULTRA_BOND,-345140.0,-1.901,False
2026-09-08,VIX_FUT,-94829.0,-1.151,False
2026-09-08,WHEAT,10470.0,1.932,False
2026-09-08,WTI_CRUDE,136579.0,0.046,False
2026-09-15,AUD_FX,-38906.0,-0.225,False
2026-09-15,BRENT_CRUDE,-40629.0,-1.478,False
2026-09-15,CAD_FX,-37577.0,0.902,False
2026-09-15,CHF_FX,-28988.0,0.409,False
2026-09-15,COPPER,75134.0,1.32,False
2026-09-15,CORN,542384.0,2.447,True
2026-09-15,EUR_FX,-26993.0,-1.57,False
2026-09-15,FED_FUNDS,20474.0,0.795,False
2026-09-15,GBP_FX,-58715.0,-0.694,False
2026-09-15,GOLD,230338.0,0.929,False
2026-09-15,JPY_FX,120359.0,1.053,False
2026-09-15,MXN_FX,87782.0,0.854,False
2026-09-15,NASDAQ_MINI,33718.0,0.711,False
2026-09-15,NAT_GAS,-221587.0,-1.851,False
2026-09-15,NZD_FX,10518.0,2.218,True
2026-09-15,PALLADIUM,-4150.0,-0.303,False
2026-09-15,PLATINUM,15220.0,-0.281,False
2026-09-15,RUSSELL_MINI,-72350.0,-1.415,False
2026-09-15,SILVER,25326.0,-0.841,False
2026-09-15,SOFR_3M,-2896206.0,-2.066,True
2026-09-15,SOYBEANS,261183.0,1.575,False
2026-09-15,SP500_EMINI,-100461.0,0.278,False
2026-09-15,USD_INDEX,10593.0,1.106,False
2026-09-15,UST_10Y,-821236.0,-0.005,False
2026-09-15,UST_2Y,-855353.0,2.366,True
2026-09-15,UST_5Y,-997366.0,2.057,True
2026-09-15,UST_BOND,-203157.0,-1.765,False
2026-09-15,UST_ULTRA_10Y,-209690.0,0.195,False
2026-09-15,UST_ULTRA_BOND,-345203.0,-1.835,False
2026-09-15,VIX_FUT,-86585.0,-0.882,False
2026-09-15,WHEAT,1228.0,1.606,False
2026-09-15,WTI_CRUDE,135905.0,0.041,False
2026-09-22,AUD_FX,-46814.0,-0.379,False
2026-09-22,BRENT_CRUDE,-44185.0,-1.694,False
2026-09-22,CAD_FX,-53210.0,0.602,False
2026-09-22,CHF_FX,-26752.0,0.714,False
2026-09-22,COPPER,90522.0,2.019,True
2026-09-22,CORN,535801.0,2.308,True
2026-09-22,EUR_FX,-52334.0,-1.899,False
2026-09-22,FED_FUNDS,-2045.0,0.644,False
2026-09-22,GBP_FX,-82568.0,-1.268,False
2026-09-22,GOLD,225853.0,0.808,False
2026-09-22,JPY_FX,71982.0,0.573,False
2026-09-22,MXN_FX,75167.0,0.09,False
2026-09-22,NASDAQ_MINI,56150.0,1.821,False
2026-09-22,NAT_GAS,-216530.0,-1.666,False
2026-09-22,NZD_FX,-11380.0,1.002,False
2026-09-22,PALLADIUM,-4533.0,-0.449,False
2026-09-22,PLATINUM,15366.0,-0.253,False
2026-09-22,RUSSELL_MINI,-75783.0,-1.49,False
2026-09-22,SILVER,25444.0,-0.812,False
2026-09-22,SOFR_3M,-2643832.0,-1.728,False
2026-09-22,SOYBEANS,281581.0,1.754,False
2026-09-22,SP500_EMINI,-133228.0,-0.282,False
2026-09-22,USD_INDEX,10330.0,1.071,False
2026-09-22,UST_10Y,-811752.0,0.098,False
2026-09-22,UST_2Y,-907065.0,2.013,True
2026-09-22,UST_5Y,-880853.0,2.199,True
2026-09-22,UST_BOND,-155805.0,-1.033,False
2026-09-22,UST_ULTRA_10Y,-208981.0,0.221,False
2026-09-22,UST_ULTRA_BOND,-336725.0,-1.577,False
2026-09-22,VIX_FUT,-79280.0,-0.637,False
2026-09-22,WHEAT,-7360.0,1.318,False
2026-09-22,WTI_CRUDE,141106.0,0.148,False
