date,instabilite_taux,instabilite_vix,score_qualite_regime
2026-09-07,0.00036,0.06727,-0.03381
2026-09-08,0.00036,0.06541,-0.03288
2026-09-09,0.00036,0.06452,-0.03244
2026-09-10,0.00036,0.0673,-0.03383
2026-09-11,0.0,0.0667,-0.03335
2026-09-14,0.0,0.06431,-0.03215
2026-09-15,0.0,0.06673,-0.03337
2026-09-16,0.0,0.06682,-0.03341
2026-09-17,0.00888,0.06717,-0.03802
2026-09-18,0.00887,0.06674,-0.0378
2026-09-23,0.00882,0.06775,-0.03828
2026-09-24,0.00881,0.0683,-0.03855
2026-09-25,0.0088,0.06807,-0.03844
2026-09-28,0.00877,0.0676,-0.03819
2026-09-29,0.00876,0.06767,-0.03821
2026-09-30,0.00875,0.06725,-0.038
