date,sharpe_regime_haut_vol,sharpe_regime_bas_vol,sharpe_global
2026-09-08,-1.107,2.418,0.427
2026-09-09,-1.107,2.415,0.426
2026-09-10,-1.107,2.41,0.424
2026-09-11,-1.107,2.405,0.421
2026-09-14,-1.107,2.402,0.42
2026-09-15,-1.107,2.4,0.42
2026-09-16,-1.107,2.399,0.419
2026-09-17,-1.107,2.404,0.421
2026-09-18,-1.107,2.404,0.421
2026-09-21,-1.107,2.407,0.423
2026-09-24,-1.107,2.404,0.422
2026-09-25,-1.107,2.406,0.422
2026-09-28,-1.107,2.402,0.421
2026-09-29,-1.107,2.401,0.421
2026-09-30,-1.107,2.398,0.42
2026-10-01,-1.107,2.396,0.419
2026-10-02,-1.107,2.395,0.418
2026-10-05,-1.107,2.397,0.419
2026-10-06,-1.107,2.399,0.42
2026-10-07,-1.107,2.4,0.42
2026-10-08,-1.107,2.398,0.419
