date,sharpe_252j,sortino_252j,calmar_252j
2026-09-08,1.3045,1.2625,1.8399
2026-09-09,1.2445,1.2089,1.7567
2026-09-10,1.1741,1.1443,1.6591
2026-09-11,1.1749,1.1452,1.6603
2026-09-14,1.1398,1.1103,1.6122
2026-09-15,1.0678,1.0436,1.5107
2026-09-16,1.0422,1.0181,1.4754
2026-09-17,1.1341,1.1069,1.611
2026-09-18,1.1104,1.0833,1.5767
2026-09-21,1.1812,1.1587,1.6864
2026-09-24,1.1287,1.1107,1.6123
2026-09-25,1.2297,1.2065,1.7553
2026-09-28,1.123,1.1038,1.6049
2026-09-29,1.0897,1.0756,1.5574
2026-09-30,1.0388,1.0293,1.4846
2026-10-01,1.0278,1.0182,1.4686
2026-10-02,1.0781,1.0694,1.5425
2026-10-05,1.1273,1.1195,1.6147
2026-10-06,1.1431,1.1358,1.6382
2026-10-07,1.156,1.1489,1.6561
2026-10-08,1.0752,1.0717,1.5404
2026-10-09,1.1465,1.1393,1.6438
