date,bloc,taux_dernier,taux_tendance,taux_niveau_relatif,chomage_dernier,chomage_tendance
2026-09-03,US,3.63,stable,haut,4.1,stable
2026-09-03,Zone euro,2.25,stable,haut,3.9,stable
2026-09-03,Royaume-Uni,3.7303,stable,moyen,4.9,stable
2026-09-03,Japon,0.841,hausse,haut,2.5,stable
2026-09-03,Chine,1.51,stable,bas,,non_couvert
2026-09-07,US,3.63,stable,moyen,4.1,stable
2026-09-07,Zone euro,2.25,stable,haut,3.9,stable
2026-09-07,Royaume-Uni,3.7293,stable,haut,4.9,stable
2026-09-07,Japon,0.841,hausse,haut,2.5,stable
2026-09-07,Chine,1.51,stable,bas,,non_couvert
2026-09-08,US,3.63,stable,moyen,4.1,stable
2026-09-08,Zone euro,2.25,stable,haut,3.9,stable
2026-09-08,Royaume-Uni,3.7293,stable,haut,4.9,stable
2026-09-08,Japon,0.841,hausse,haut,2.5,stable
2026-09-08,Chine,1.51,stable,bas,,non_couvert
2026-09-09,US,3.63,stable,moyen,4.1,stable
2026-09-09,Zone euro,2.25,stable,haut,3.9,stable
2026-09-09,Royaume-Uni,3.7296,stable,haut,4.9,stable
2026-09-09,Japon,0.841,hausse,haut,2.5,stable
2026-09-09,Chine,1.51,stable,bas,,non_couvert
2026-09-10,US,3.63,stable,moyen,4.1,stable
2026-09-10,Zone euro,2.25,stable,haut,3.9,stable
2026-09-10,Royaume-Uni,3.7305,stable,haut,4.9,stable
2026-09-10,Japon,0.841,hausse,haut,2.5,stable
2026-09-10,Chine,1.51,stable,bas,,non_couvert
2026-09-11,US,3.63,stable,moyen,4.1,stable
2026-09-11,Zone euro,2.25,stable,haut,3.9,stable
2026-09-11,Royaume-Uni,3.7307,stable,haut,4.9,stable
2026-09-11,Japon,0.841,hausse,haut,2.5,stable
2026-09-11,Chine,1.51,stable,bas,,non_couvert
2026-09-14,US,3.63,stable,moyen,4.1,stable
2026-09-14,Zone euro,2.25,stable,haut,4.0,stable
2026-09-14,Royaume-Uni,3.7312,stable,haut,4.9,stable
2026-09-14,Japon,0.977,stable,haut,2.4,stable
2026-09-14,Chine,1.54,stable,bas,,non_couvert
2026-09-15,US,3.63,stable,moyen,4.1,stable
2026-09-15,Zone euro,2.5,hausse,haut,,non_couvert
2026-09-15,Royaume-Uni,3.7302,stable,haut,4.9,stable
2026-09-15,Japon,0.977,stable,haut,2.4,stable
2026-09-15,Chine,1.54,stable,bas,,non_couvert
2026-09-16,US,3.63,stable,moyen,4.1,stable
2026-09-16,Zone euro,2.5,hausse,haut,,non_couvert
2026-09-16,Royaume-Uni,3.7303,stable,haut,4.9,stable
2026-09-16,Japon,0.977,stable,haut,2.4,stable
2026-09-16,Chine,1.54,stable,bas,,non_couvert
2026-09-17,US,3.88,stable,moyen,4.1,stable
2026-09-17,Zone euro,2.5,hausse,haut,,non_couvert
2026-09-17,Royaume-Uni,3.7304,stable,haut,4.9,stable
2026-09-17,Japon,0.977,stable,haut,2.4,stable
2026-09-17,Chine,1.54,stable,bas,,non_couvert
2026-09-18,US,3.88,stable,moyen,4.1,stable
2026-09-18,Zone euro,2.5,hausse,haut,,non_couvert
2026-09-18,Royaume-Uni,3.7301,stable,haut,4.9,stable
2026-09-18,Japon,0.977,stable,haut,2.4,stable
2026-09-18,Chine,1.54,stable,bas,,non_couvert
2026-09-23,US,3.88,stable,moyen,4.1,stable
2026-09-23,Zone euro,2.5,hausse,haut,,non_couvert
2026-09-23,Royaume-Uni,3.7305,stable,haut,4.9,stable
2026-09-23,Japon,0.977,stable,haut,2.4,stable
2026-09-23,Chine,1.54,stable,bas,,non_couvert
2026-09-24,US,3.88,stable,moyen,4.1,stable
2026-09-24,Zone euro,2.5,hausse,haut,,non_couvert
2026-09-24,Royaume-Uni,3.7305,stable,haut,4.9,stable
2026-09-24,Japon,0.977,stable,haut,2.4,stable
2026-09-24,Chine,1.54,stable,bas,,non_couvert
2026-09-25,US,3.88,stable,moyen,4.1,stable
2026-09-25,Zone euro,2.5,hausse,haut,,non_couvert
2026-09-25,Royaume-Uni,3.7305,stable,haut,4.9,stable
2026-09-25,Japon,0.977,stable,haut,2.4,stable
2026-09-25,Chine,1.54,stable,bas,,non_couvert
