date,coef_intercept,coef_momentum5j,coef_variation_vix,n_train,n_test,r2_out_of_sample
2026-09-08,0.000293,-0.032529,0.000268,5278,2263,0.01023
2026-09-09,0.000293,-0.032509,0.000269,5278,2263,0.01024
2026-09-10,0.000294,-0.032494,0.000269,5278,2263,0.01024
2026-09-11,0.000294,-0.032557,0.000269,5277,2262,0.01025
2026-09-14,0.000294,-0.03256,0.000269,5278,2262,0.01027
2026-09-15,0.000294,-0.03256,0.000269,5278,2263,0.01025
2026-09-16,0.000295,-0.032552,0.000269,5278,2263,0.01025
2026-09-17,0.000295,-0.032556,0.000269,5278,2263,0.01026
2026-09-18,0.000295,-0.032549,0.000269,5278,2263,0.01026
2026-09-21,0.000295,-0.032539,0.000269,5278,2262,0.01023
2026-09-24,0.000293,-0.032551,0.000269,5278,2262,0.01025
2026-09-25,0.00029,-0.032596,0.000269,5277,2262,0.01024
2026-09-28,0.00029,-0.032596,0.000269,5278,2262,0.01026
