date,rang,ticker,secteur,rendement_3m_pct
2026-09-08,1,XLE,Energie,12.859
2026-09-08,2,XLF,Finance,9.226
2026-09-08,3,XLV,Sante,8.126
2026-09-08,4,XLK,Technologie,3.928
2026-09-08,5,XLB,Materiaux,2.305
2026-09-08,6,XLP,Consommation de base,-0.095
2026-09-08,7,XLI,Industrie,-0.672
2026-09-08,8,XLU,Services collectifs,-1.205
2026-09-08,9,XLY,Consommation discretionnaire,-1.623
2026-09-08,10,XLRE,Immobilier,-2.379
2026-09-09,1,XLE,Energie,12.12
2026-09-09,2,XLF,Finance,9.248
2026-09-09,3,XLV,Sante,8.983
2026-09-09,4,XLK,Technologie,6.364
2026-09-09,5,XLB,Materiaux,3.609
2026-09-09,6,XLI,Industrie,1.255
2026-09-09,7,XLY,Consommation discretionnaire,-0.908
2026-09-09,8,XLU,Services collectifs,-2.409
2026-09-09,9,XLP,Consommation de base,-2.854
2026-09-09,10,XLRE,Immobilier,-3.512
2026-09-10,1,XLE,Energie,13.673
2026-09-10,2,XLF,Finance,8.077
2026-09-10,3,XLV,Sante,7.509
2026-09-10,4,XLK,Technologie,1.097
2026-09-10,5,XLB,Materiaux,-0.898
2026-09-10,6,XLP,Consommation de base,-2.557
2026-09-10,7,XLI,Industrie,-2.626
2026-09-10,8,XLU,Services collectifs,-3.473
2026-09-10,9,XLY,Consommation discretionnaire,-3.732
2026-09-10,10,XLRE,Immobilier,-4.163
2026-09-11,1,XLE,Energie,13.189
2026-09-11,2,XLV,Sante,7.509
2026-09-11,3,XLF,Finance,7.33
2026-09-11,4,XLK,Technologie,1.553
2026-09-11,5,XLI,Industrie,-2.163
2026-09-11,6,XLB,Materiaux,-2.357
2026-09-11,7,XLP,Consommation de base,-2.843
2026-09-11,8,XLY,Consommation discretionnaire,-3.122
2026-09-11,9,XLRE,Immobilier,-4.277
2026-09-11,10,XLU,Services collectifs,-4.806
2026-09-14,1,XLE,Energie,16.166
2026-09-14,2,XLV,Sante,9.719
2026-09-14,3,XLF,Finance,6.479
2026-09-14,4,XLP,Consommation de base,-1.24
2026-09-14,5,XLB,Materiaux,-3.829
2026-09-14,6,XLK,Technologie,-3.916
2026-09-14,7,XLRE,Immobilier,-4.156
2026-09-14,8,XLY,Consommation discretionnaire,-4.824
2026-09-14,9,XLI,Industrie,-4.897
2026-09-14,10,XLU,Services collectifs,-6.527
2026-09-15,1,XLE,Energie,19.093
2026-09-15,2,XLV,Sante,9.625
2026-09-15,3,XLF,Finance,4.6
2026-09-15,4,XLK,Technologie,-1.448
2026-09-15,5,XLP,Consommation de base,-2.173
2026-09-15,6,XLB,Materiaux,-3.775
2026-09-15,7,XLRE,Immobilier,-4.501
2026-09-15,8,XLI,Industrie,-6.116
2026-09-15,9,XLY,Consommation discretionnaire,-6.399
2026-09-15,10,XLU,Services collectifs,-8.3
2026-09-16,1,XLE,Energie,17.121
2026-09-16,2,XLV,Sante,11.32
2026-09-16,3,XLF,Finance,3.478
2026-09-16,4,XLP,Consommation de base,-0.418
2026-09-16,5,XLK,Technologie,-1.006
2026-09-16,6,XLRE,Immobilier,-2.638
2026-09-16,7,XLB,Materiaux,-3.191
2026-09-16,8,XLY,Consommation discretionnaire,-4.598
2026-09-16,9,XLI,Industrie,-6.063
2026-09-16,10,XLU,Services collectifs,-7.063
2026-09-17,1,XLE,Energie,19.918
2026-09-17,2,XLV,Sante,12.992
2026-09-17,3,XLF,Finance,4.312
2026-09-17,4,XLP,Consommation de base,0.228
2026-09-17,5,XLK,Technologie,-1.766
2026-09-17,6,XLRE,Immobilier,-2.098
2026-09-17,7,XLB,Materiaux,-2.123
2026-09-17,8,XLY,Consommation discretionnaire,-4.925
2026-09-17,9,XLI,Industrie,-6.578
2026-09-17,10,XLU,Services collectifs,-6.859
2026-09-18,1,XLE,Energie,19.602
2026-09-18,2,XLV,Sante,12.711
2026-09-18,3,XLF,Finance,4.275
2026-09-18,4,XLP,Consommation de base,-0.6
2026-09-18,5,XLK,Technologie,-0.961
2026-09-18,6,XLRE,Immobilier,-3.032
2026-09-18,7,XLB,Materiaux,-3.513
2026-09-18,8,XLY,Consommation discretionnaire,-5.232
2026-09-18,9,XLI,Industrie,-6.169
2026-09-18,10,XLU,Services collectifs,-8.177
2026-09-21,1,XLE,Energie,15.538
2026-09-21,2,XLV,Sante,12.628
2026-09-21,3,XLF,Finance,4.097
2026-09-21,4,XLK,Technologie,1.405
2026-09-21,5,XLP,Consommation de base,-0.316
2026-09-21,6,XLY,Consommation discretionnaire,-2.358
2026-09-21,7,XLRE,Immobilier,-3.249
2026-09-21,8,XLB,Materiaux,-3.7
2026-09-21,9,XLI,Industrie,-6.502
2026-09-21,10,XLU,Services collectifs,-9.079
2026-09-24,1,XLE,Energie,15.733
2026-09-24,2,XLV,Sante,9.15
2026-09-24,3,XLK,Technologie,5.494
2026-09-24,4,XLF,Finance,2.021
2026-09-24,5,XLP,Consommation de base,-2.669
2026-09-24,6,XLY,Consommation discretionnaire,-2.673
2026-09-24,7,XLB,Materiaux,-4.167
2026-09-24,8,XLRE,Immobilier,-6.593
2026-09-24,9,XLI,Industrie,-8.304
2026-09-24,10,XLU,Services collectifs,-14.155
2026-09-25,1,XLE,Energie,15.23
2026-09-25,2,XLK,Technologie,8.371
2026-09-25,3,XLV,Sante,6.461
2026-09-25,4,XLF,Finance,2.371
2026-09-25,5,XLP,Consommation de base,-3.128
2026-09-25,6,XLY,Consommation discretionnaire,-3.331
2026-09-25,7,XLB,Materiaux,-3.488
2026-09-25,8,XLI,Industrie,-5.944
2026-09-25,9,XLRE,Immobilier,-8.134
2026-09-25,10,XLU,Services collectifs,-14.481
2026-09-28,1,XLE,Energie,15.901
2026-09-28,2,XLV,Sante,6.545
2026-09-28,3,XLK,Technologie,4.919
2026-09-28,4,XLF,Finance,0.875
2026-09-28,5,XLB,Materiaux,-2.349
2026-09-28,6,XLP,Consommation de base,-2.477
2026-09-28,7,XLY,Consommation discretionnaire,-6.933
2026-09-28,8,XLI,Industrie,-7.649
2026-09-28,9,XLRE,Immobilier,-7.947
2026-09-28,10,XLU,Services collectifs,-14.711
2026-09-29,1,XLE,Energie,15.873
2026-09-29,2,XLV,Sante,7.607
2026-09-29,3,XLK,Technologie,2.089
2026-09-29,4,XLF,Finance,0.746
2026-09-29,5,XLP,Consommation de base,-1.469
2026-09-29,6,XLB,Materiaux,-3.404
2026-09-29,7,XLRE,Immobilier,-6.109
2026-09-29,8,XLY,Consommation discretionnaire,-6.932
2026-09-29,9,XLI,Industrie,-8.692
2026-09-29,10,XLU,Services collectifs,-12.417
2026-09-30,1,XLE,Energie,16.455
2026-09-30,2,XLV,Sante,5.566
2026-09-30,3,XLK,Technologie,5.457
2026-09-30,4,XLF,Finance,-2.519
2026-09-30,5,XLP,Consommation de base,-3.241
2026-09-30,6,XLB,Materiaux,-4.547
2026-09-30,7,XLRE,Immobilier,-7.402
2026-09-30,8,XLY,Consommation discretionnaire,-7.833
2026-09-30,9,XLI,Industrie,-8.933
2026-09-30,10,XLU,Services collectifs,-11.905
2026-10-01,1,XLE,Energie,17.813
2026-10-01,2,XLK,Technologie,9.535
2026-10-01,3,XLV,Sante,1.502
2026-10-01,4,XLF,Finance,-3.883
2026-10-01,5,XLP,Consommation de base,-5.483
2026-10-01,7,XLY,Consommation discretionnaire,-7.095
2026-10-01,6,XLB,Materiaux,-6.672
2026-10-01,8,XLI,Industrie,-8.303
2026-10-01,9,XLRE,Immobilier,-8.953
2026-10-01,10,XLU,Services collectifs,-13.287
2026-10-02,1,XLE,Energie,18.076
2026-10-02,2,XLK,Technologie,10.557
2026-10-02,3,XLV,Sante,1.197
2026-10-02,4,XLF,Finance,-3.857
2026-10-02,5,XLP,Consommation de base,-5.448
2026-10-02,6,XLB,Materiaux,-5.826
2026-10-02,7,XLY,Consommation discretionnaire,-6.075
2026-10-02,8,XLI,Industrie,-7.569
2026-10-02,9,XLRE,Immobilier,-8.494
2026-10-02,10,XLU,Services collectifs,-13.079
