date,poids_momentum,poids_baseline,biais,n_test,accuracy_stacking,accuracy_momentum_seul,accuracy_baseline_seule
2026-09-08,-0.0795,0.0881,0.0881,2255,0.549,0.5033,0.549
2026-09-09,-0.0782,0.0881,0.0881,2255,0.5486,0.5033,0.5486
2026-09-10,-0.0782,0.0881,0.0881,2255,0.5481,0.5029,0.5481
2026-09-11,-0.0769,0.0882,0.0882,2255,0.5481,0.5024,0.5481
2026-09-14,-0.0793,0.089,0.089,2255,0.5481,0.5029,0.5481
2026-09-15,-0.0787,0.0891,0.0891,2255,0.5477,0.5029,0.5477
2026-09-16,-0.0786,0.0887,0.0887,2255,0.5477,0.5033,0.5477
2026-09-17,-0.0803,0.0895,0.0895,2255,0.5477,0.5033,0.5477
2026-09-18,-0.0803,0.0895,0.0895,2255,0.5477,0.5038,0.5477
2026-09-21,-0.0809,0.0899,0.0899,2255,0.5477,0.5038,0.5477
2026-09-24,-0.0809,0.0899,0.0899,2255,0.5468,0.5029,0.5468
2026-09-25,-0.0803,0.0899,0.0899,2255,0.5463,0.5024,0.5463
2026-09-28,-0.0809,0.0899,0.0899,2255,0.5459,0.502,0.5459
2026-09-29,-0.0816,0.0899,0.0899,2255,0.5459,0.5024,0.5459
2026-09-30,-0.0812,0.0874,0.092,2255,0.5459,0.5029,0.5459
2026-10-01,-0.0813,0.0876,0.0918,2255,0.5459,0.5024,0.5459
2026-10-02,-0.0812,0.0874,0.092,2255,0.5459,0.502,0.5459
2026-10-05,-0.082,0.0879,0.0917,2255,0.5463,0.502,0.5463
2026-10-06,-0.0828,0.0882,0.0921,2255,0.5463,0.5024,0.5463
2026-10-07,-0.0827,0.088,0.0922,2255,0.5459,0.502,0.5459
2026-10-08,-0.0826,0.0878,0.0923,2255,0.5455,0.5016,0.5455
