date,ordre_var_aic,coef_sp500_vers_vix_lag1,coef_vix_vers_sp500_lag1
2026-09-08,10,0.44372,-0.052444
2026-09-09,10,0.44345,-0.052427
2026-09-10,10,0.43645,-0.052401
2026-09-11,10,0.42642,-0.052361
2026-09-14,10,0.42194,-0.052344
2026-09-15,10,0.42291,-0.052368
2026-09-16,10,0.41231,-0.052341
2026-09-17,10,0.4252,-0.052454
2026-09-18,10,0.42926,-0.052438
2026-09-21,10,0.42,-0.052452
2026-09-24,10,0.42304,-0.052747
2026-09-25,10,0.37012,-0.052339
2026-09-28,10,0.37302,-0.052364
2026-09-29,10,0.37265,-0.052351
2026-09-30,10,0.36532,-0.052316
2026-10-01,10,0.36547,-0.052324
2026-10-02,10,0.35625,-0.052329
2026-10-05,10,0.35627,-0.052308
2026-10-06,10,0.34772,-0.052199
2026-10-07,10,0.34315,-0.052163
2026-10-08,10,0.34268,-0.052133
