date,n_predictions,accuracy_momentum_5j,accuracy_baseline_majoritaire,bat_la_baseline
2026-09-08,7516,0.4963,0.5378,False
2026-09-09,7516,0.4964,0.5378,False
2026-09-10,7516,0.4963,0.5377,False
2026-09-11,7516,0.4963,0.5378,False
2026-09-14,7515,0.4962,0.5379,False
2026-09-15,7516,0.4963,0.5378,False
2026-09-16,7516,0.4964,0.5377,False
2026-09-17,7516,0.4963,0.5378,False
2026-09-18,7516,0.4964,0.5378,False
2026-09-21,7515,0.4963,0.5379,False
2026-09-24,7515,0.4961,0.5376,False
2026-09-25,7516,0.496,0.5375,False
2026-09-28,7515,0.4958,0.5373,False
2026-09-29,7516,0.4959,0.5373,False
2026-09-30,7516,0.496,0.5371,False
2026-10-01,7516,0.4959,0.5371,False
2026-10-02,7516,0.4957,0.5371,False
2026-10-05,7515,0.4957,0.5372,False
